PassengerId,Survived,Pclass,Age,SibSp,Parch,FamilySize,Fare,FarePP,Title_Dr,Title_Master,Title_Miss,Title_Mr,Title_Mrs,Title_Rev,Sex_male,Cabin_B,Cabin_C,Cabin_D,Cabin_E,Cabin_F,Cabin_G,Embarked_Q,Embarked_S
1,0,3,22.0,1,0,2,7.25,3.625,0,0,0,1,0,0,1,0,0,0,0,1,0,0,1
2,1,1,38.0,1,0,2,71.2833,35.6416,0,0,0,0,1,0,0,0,1,0,0,0,0,0,0
3,1,3,26.0,0,0,1,7.925,7.925,0,0,1,0,0,0,0,0,0,0,1,0,0,0,1
4,1,1,35.0,1,0,2,53.1,26.55,0,0,0,0,1,0,0,0,1,0,0,0,0,0,1
5,0,3,35.0,0,0,1,8.05,8.05,0,0,0,1,0,0,1,0,0,0,1,0,0,0,1
6,0,3,29.184491978609625,0,0,1,8.4583,8.4583,0,0,0,1,0,0,1,0,0,0,0,0,1,1,0
7,0,1,54.0,0,0,1,51.8625,51.8625,0,0,0,1,0,0,1,0,0,0,1,0,0,0,1
8,0,3,2.0,3,1,5,21.075,4.215,0,1,0,0,0,0,1,0,0,0,0,0,1,0,1
9,1,3,27.0,0,2,3,11.1333,3.7111,0,0,0,0,1,0,0,0,0,0,0,0,1,0,1
10,1,2,14.0,1,0,2,30.0708,15.0354,0,0,0,0,1,0,0,0,0,0,0,1,0,0,0
11,1,3,4.0,1,1,3,16.7,5.5667,0,0,1,0,0,0,0,0,0,0,0,0,1,0,1
12,1,1,58.0,0,0,1,26.55,26.55,0,0,1,0,0,0,0,0,1,0,0,0,0,0,1
13,0,3,20.0,0,0,1,8.05,8.05,0,0,0,1,0,0,1,0,0,0,1,0,0,0,1
14,0,3,39.0,1,5,7,31.275,4.4679,0,0,0,1,0,0,1,0,0,0,0,0,1,0,1
15,0,3,14.0,0,0,1,7.8542,7.8542,0,0,1,0,0,0,0,0,0,0,1,0,0,0,1
16,1,2,55.0,0,0,1,16.0,16.0,0,0,0,0,1,0,0,0,0,1,0,0,0,0,1
17,0,3,2.0,4,1,6,29.125,4.8542,0,1,0,0,0,0,1,0,0,0,0,0,1,1,0
18,1,2,33.904761904761905,0,0,1,13.0,13.0,0,0,0,1,0,0,1,0,0,0,1,0,0,0,1
19,0,3,31.0,1,0,2,18.0,9.0,0,0,0,0,1,0,0,0,0,0,0,0,1,0,1
20,1,3,23.56578947368421,0,0,1,7.225,7.225,0,0,0,0,1,0,0,0,0,0,0,1,0,0,0
21,0,2,35.0,0,0,1,26.0,26.0,0,0,0,1,0,0,1,0,0,1,0,0,0,0,1
22,1,2,34.0,0,0,1,13.0,13.0,0,0,0,1,0,0,1,0,0,1,0,0,0,0,1
23,1,3,15.0,0,0,1,8.0292,8.0292,0,0,1,0,0,0,0,0,0,0,1,0,0,1,0
24,1,1,28.0,0,0,1,35.5,35.5,0,0,0,1,0,0,1,0,0,0,0,0,0,0,1
25,0,3,8.0,3,1,5,21.075,4.215,0,0,1,0,0,0,0,0,0,0,0,0,1,0,1
26,1,3,38.0,1,5,7,31.3875,4.4839,0,0,0,0,1,0,0,0,0,0,0,0,1,0,1
27,0,3,29.18449197860963,0,0,1,7.225,7.225,0,0,0,1,0,0,1,0,0,0,0,1,0,0,0
28,0,1,19.0,3,2,6,263.0,43.8333,0,0,0,1,0,0,1,0,1,0,0,0,0,0,1
29,1,3,23.56578947368421,0,0,1,7.8792,7.8792,0,0,1,0,0,0,0,0,0,0,1,0,0,1,0
30,0,3,29.18449197860963,0,0,1,7.8958,7.8958,0,0,0,1,0,0,1,0,0,0,1,0,0,0,1
31,0,1,40.0,0,0,1,27.7208,27.7208,0,0,0,0,0,0,1,0,0,0,1,0,0,0,0
32,1,1,37.43478260869565,1,0,2,146.5208,73.2604,0,0,0,0,1,0,0,1,0,0,0,0,0,0,0
33,1,3,23.565789473684212,0,0,1,7.75,7.75,0,0,1,0,0,0,0,0,0,0,0,1,0,1,0
34,0,2,66.0,0,0,1,10.5,10.5,0,0,0,1,0,0,1,0,0,0,1,0,0,0,1
35,0,1,28.0,1,0,2,82.1708,41.0854,0,0,0,1,0,0,1,0,1,0,0,0,0,0,0
36,0,1,42.0,1,0,2,52.0,26.0,0,0,0,1,0,0,1,0,0,1,0,0,0,0,1
37,1,3,29.184491978609625,0,0,1,7.2292,7.2292,0,0,0,1,0,0,1,0,0,0,0,1,0,0,0
38,0,3,21.0,0,0,1,8.05,8.05,0,0,0,1,0,0,1,0,0,0,1,0,0,0,1
39,0,3,18.0,2,0,3,18.0,6.0,0,0,1,0,0,0,0,0,0,0,0,0,1,0,1
40,1,3,14.0,1,0,2,11.2417,5.6208,0,0,1,0,0,0,0,0,0,0,0,0,1,0,0
41,0,3,40.0,1,0,2,9.475,4.7375,0,0,0,0,1,0,0,0,0,0,0,0,1,0,1
42,0,2,27.0,1,0,2,21.0,10.5,0,0,0,0,1,0,0,0,0,1,0,0,0,0,1
43,0,3,29.18449197860963,0,0,1,7.8958,7.8958,0,0,0,1,0,0,1,0,0,0,1,0,0,0,0
44,1,2,3.0,1,2,4,41.5792,10.3948,0,0,1,0,0,0,0,0,0,0,0,1,0,0,0
45,1,3,19.0,0,0,1,7.8792,7.8792,0,0,1,0,0,0,0,0,0,0,1,0,0,1,0
46,0,3,29.18449197860963,0,0,1,8.05,8.05,0,0,0,1,0,0,1,0,0,0,1,0,0,0,1
47,0,3,24.823529411764707,1,0,2,15.5,7.75,0,0,0,1,0,0,1,0,0,0,0,0,1,1,0
48,1,3,23.56578947368421,0,0,1,7.75,7.75,0,0,1,0,0,0,0,0,0,0,0,1,0,1,0
49,0,3,28.666666666666668,2,0,3,21.6792,7.2264,0,0,0,1,0,0,1,0,0,0,0,0,1,0,0
50,0,3,18.0,1,0,2,17.8,8.9,0,0,0,0,1,0,0,0,0,0,0,0,1,0,1
51,0,3,7.0,4,1,6,39.6875,6.6146,0,1,0,0,0,0,1,0,0,0,0,0,1,0,1
52,0,3,21.0,0,0,1,7.8,7.8,0,0,0,1,0,0,1,0,0,0,1,0,0,0,1
53,1,1,49.0,1,0,2,76.7292,38.3646,0,0,0,0,1,0,0,0,0,1,0,0,0,0,0
54,1,2,29.0,1,0,2,26.0,13.0,0,0,0,0,1,0,0,0,0,1,0,0,0,0,1
55,0,1,65.0,0,1,2,61.9792,30.9896,0,0,0,1,0,0,1,1,0,0,0,0,0,0,0
56,1,1,44.601851851851855,0,0,1,35.5,35.5,0,0,0,1,0,0,1,0,1,0,0,0,0,0,1
57,1,2,21.0,0,0,1,10.5,10.5,0,0,1,0,0,0,0,0,0,0,1,0,0,0,1
58,0,3,28.5,0,0,1,7.2292,7.2292,0,0,0,1,0,0,1,0,0,0,0,1,0,0,0
59,1,2,5.0,1,2,4,27.75,6.9375,0,0,1,0,0,0,0,0,0,0,0,1,0,0,1
60,0,3,11.0,5,2,8,46.9,5.8625,0,1,0,0,0,0,1,0,0,0,0,0,1,0,1
61,0,3,22.0,0,0,1,7.2292,7.2292,0,0,0,1,0,0,1,0,0,0,0,1,0,0,0
62,1,1,38.0,0,0,1,80.0,80.0,0,0,1,0,0,0,0,1,0,0,0,0,0,0,1
63,0,1,45.0,1,0,2,83.475,41.7375,0,0,0,1,0,0,1,0,1,0,0,0,0,0,1
64,0,3,4.0,3,2,6,27.9,4.65,0,1,0,0,0,0,1,0,0,0,0,0,1,0,1
65,0,1,44.60185185185185,0,0,1,27.7208,27.7208,0,0,0,1,0,0,1,0,0,0,1,0,0,0,0
66,1,3,20.23076923076923,1,1,3,15.2458,5.0819,0,1,0,0,0,0,1,0,0,0,0,0,1,0,0
67,1,2,29.0,0,0,1,10.5,10.5,0,0,0,0,1,0,0,0,0,0,0,1,0,0,1
68,0,3,19.0,0,0,1,8.1583,8.1583,0,0,0,1,0,0,1,0,0,0,0,0,1,0,1
69,1,3,17.0,4,2,7,7.925,1.1321,0,0,1,0,0,0,0,0,0,0,1,0,0,0,1
70,0,3,26.0,2,0,3,8.6625,2.8875,0,0,0,1,0,0,1,0,0,0,0,0,1,0,1
71,0,2,32.0,0,0,1,10.5,10.5,0,0,0,1,0,0,1,0,0,0,1,0,0,0,1
72,0,3,16.0,5,2,8,46.9,5.8625,0,0,1,0,0,0,0,0,0,0,0,0,1,0,1
73,0,2,21.0,0,0,1,73.5,73.5,0,0,0,1,0,0,1,0,0,0,0,1,0,0,1
74,0,3,26.0,1,0,2,14.4542,7.2271,0,0,0,1,0,0,1,0,0,0,0,0,1,0,0
75,1,3,32.0,0,0,1,56.4958,56.4958,0,0,0,1,0,0,1,0,0,0,0,0,1,0,1
76,0,3,25.0,0,0,1,7.65,7.65,0,0,0,1,0,0,1,0,0,0,0,1,0,0,1
77,0,3,29.184491978609625,0,0,1,7.8958,7.8958,0,0,0,1,0,0,1,0,0,0,1,0,0,0,1
78,0,3,29.18449197860963,0,0,1,8.05,8.05,0,0,0,1,0,0,1,0,0,0,1,0,0,0,1
79,1,2,0.83,0,2,3,29.0,9.6667,0,1,0,0,0,0,1,0,0,0,0,1,0,0,1
80,1,3,30.0,0,0,1,12.475,12.475,0,0,1,0,0,0,0,0,0,0,0,0,1,0,1
81,0,3,22.0,0,0,1,9.0,9.0,0,0,0,1,0,0,1,0,0,0,0,0,1,0,1
82,1,3,29.0,0,0,1,9.5,9.5,0,0,0,1,0,0,1,0,0,0,0,0,1,0,1
83,1,3,23.565789473684212,0,0,1,7.7875,7.7875,0,0,1,0,0,0,0,0,0,0,1,0,0,1,0
84,0,1,28.0,0,0,1,47.1,47.1,0,0,0,1,0,0,1,0,0,1,0,0,0,0,1
85,1,2,17.0,0,0,1,10.5,10.5,0,0,1,0,0,0,0,0,0,0,1,0,0,0,1
86,1,3,33.0,3,0,4,15.85,3.9625,0,0,0,0,1,0,0,0,0,0,0,0,1,0,1
87,0,3,16.0,1,3,5,34.375,6.875,0,0,0,1,0,0,1,0,0,0,0,0,1,0,1
88,0,3,29.18449197860963,0,0,1,8.05,8.05,0,0,0,1,0,0,1,0,0,0,1,0,0,0,1
89,1,1,23.0,3,2,6,263.0,43.8333,0,0,1,0,0,0,0,0,1,0,0,0,0,0,1
90,0,3,24.0,0,0,1,8.05,8.05,0,0,0,1,0,0,1,0,0,0,1,0,0,0,1
91,0,3,29.0,0,0,1,8.05,8.05,0,0,0,1,0,0,1,0,0,0,1,0,0,0,1
92,0,3,20.0,0,0,1,7.8542,7.8542,0,0,0,1,0,0,1,0,0,0,1,0,0,0,1
93,0,1,46.0,1,0,2,61.175,30.5875,0,0,0,1,0,0,1,0,0,0,1,0,0,0,1
94,0,3,26.0,1,2,4,20.575,5.1438,0,0,0,1,0,0,1,0,0,0,0,0,1,0,1
95,0,3,59.0,0,0,1,7.25,7.25,0,0,0,1,0,0,1,0,0,0,0,1,0,0,1
96,0,3,29.184491978609625,0,0,1,8.05,8.05,0,0,0,1,0,0,1,0,0,0,1,0,0,0,1
97,0,1,71.0,0,0,1,34.6542,34.6542,0,0,0,1,0,0,1,0,0,0,0,0,0,0,0
98,1,1,23.0,0,1,2,63.3583,31.6792,0,0,0,1,0,0,1,0,0,1,0,0,0,0,0
99,1,2,34.0,0,1,2,23.0,11.5,0,0,0,0,1,0,0,0,0,1,0,0,0,0,1
100,0,2,34.0,1,0,2,26.0,13.0,0,0,0,1,0,0,1,0,0,1,0,0,0,0,1
101,0,3,28.0,0,0,1,7.8958,7.8958,0,0,1,0,0,0,0,0,0,0,1,0,0,0,1
102,0,3,29.184491978609625,0,0,1,7.8958,7.8958,0,0,0,1,0,0,1,0,0,0,1,0,0,0,1
103,0,1,21.0,0,1,2,77.2875,38.6438,0,0,0,1,0,0,1,0,0,1,0,0,0,0,1
104,0,3,33.0,0,0,1,8.6542,8.6542,0,0,0,1,0,0,1,0,0,0,0,0,1,0,1
105,0,3,37.0,2,0,3,7.925,2.6417,0,0,0,1,0,0,1,0,0,0,1,0,0,0,1
106,0,3,28.0,0,0,1,7.8958,7.8958,0,0,0,1,0,0,1,0,0,0,1,0,0,0,1
107,1,3,21.0,0,0,1,7.65,7.65,0,0,1,0,0,0,0,0,0,0,0,1,0,0,1
108,1,3,29.18449197860963,0,0,1,7.775,7.775,0,0,0,1,0,0,1,0,0,0,1,0,0,0,1
109,0,3,38.0,0,0,1,7.8958,7.8958,0,0,0,1,0,0,1,0,0,0,1,0,0,0,1
110,1,3,25.035714285714285,1,0,2,24.15,12.075,0,0,1,0,0,0,0,0,0,0,0,0,1,1,0
111,0,1,47.0,0,0,1,52.0,52.0,0,0,0,1,0,0,1,0,1,0,0,0,0,0,1
112,0,3,14.5,1,0,2,14.4542,7.2271,0,0,1,0,0,0,0,0,0,0,0,0,1,0,0
113,0,3,22.0,0,0,1,8.05,8.05,0,0,0,1,0,0,1,0,0,0,1,0,0,0,1
114,0,3,20.0,1,0,2,9.825,4.9125,0,0,1,0,0,0,0,0,0,0,0,0,1,0,1
115,0,3,17.0,0,0,1,14.4583,14.4583,0,0,1,0,0,0,0,0,0,0,0,0,1,0,0
116,0,3,21.0,0,0,1,7.925,7.925,0,0,0,1,0,0,1,0,0,0,1,0,0,0,1
117,0,3,70.5,0,0,1,7.75,7.75,0,0,0,1,0,0,1,0,0,0,0,1,0,1,0
118,0,2,29.0,1,0,2,21.0,10.5,0,0,0,1,0,0,1,0,0,1,0,0,0,0,1
119,0,1,24.0,0,1,2,247.5208,123.7604,0,0,0,1,0,0,1,1,0,0,0,0,0,0,0
120,0,3,2.0,4,2,7,31.275,4.4679,0,0,1,0,0,0,0,0,0,0,0,0,1,0,1
121,0,2,21.0,2,0,3,73.5,24.5,0,0,0,1,0,0,1,0,0,0,0,1,0,0,1
122,0,3,29.184491978609625,0,0,1,8.05,8.05,0,0,0,1,0,0,1,0,0,0,1,0,0,0,1
123,0,2,32.5,1,0,2,30.0708,15.0354,0,0,0,1,0,0,1,0,0,0,0,1,0,0,0
124,1,2,32.5,0,0,1,13.0,13.0,0,0,1,0,0,0,0,0,0,0,1,0,0,0,1
125,0,1,54.0,0,1,2,77.2875,38.6438,0,0,0,1,0,0,1,0,0,1,0,0,0,0,1
126,1,3,12.0,1,0,2,11.2417,5.6208,0,1,0,0,0,0,1,0,0,0,0,0,1,0,0
127,0,3,29.184491978609625,0,0,1,7.75,7.75,0,0,0,1,0,0,1,0,0,0,0,1,0,1,0
128,1,3,24.0,0,0,1,7.1417,7.1417,0,0,0,1,0,0,1,0,0,0,0,1,0,0,1
129,1,3,22.11111111111111,1,1,3,22.3583,7.4528,0,0,1,0,0,0,0,0,0,0,0,1,0,0,0
130,0,3,45.0,0,0,1,6.975,6.975,0,0,0,1,0,0,1,0,0,0,0,1,0,0,1
131,0,3,33.0,0,0,1,7.8958,7.8958,0,0,0,1,0,0,1,0,0,0,1,0,0,0,0
132,0,3,20.0,0,0,1,7.05,7.05,0,0,0,1,0,0,1,0,0,0,0,1,0,0,1
133,0,3,47.0,1,0,2,14.5,7.25,0,0,0,0,1,0,0,0,0,0,0,0,1,0,1
134,1,2,29.0,1,0,2,26.0,13.0,0,0,0,0,1,0,0,0,0,1,0,0,0,0,1
135,0,2,25.0,0,0,1,13.0,13.0,0,0,0,1,0,0,1,0,0,0,1,0,0,0,1
136,0,2,23.0,0,0,1,15.0458,15.0458,0,0,0,1,0,0,1,0,0,1,0,0,0,0,0
137,1,1,19.0,0,2,3,26.2833,8.7611,0,0,1,0,0,0,0,0,0,1,0,0,0,0,1
138,0,1,37.0,1,0,2,53.1,26.55,0,0,0,1,0,0,1,0,1,0,0,0,0,0,1
139,0,3,16.0,0,0,1,9.2167,9.2167,0,0,0,1,0,0,1,0,0,0,0,0,1,0,1
140,0,1,24.0,0,0,1,79.2,79.2,0,0,0,1,0,0,1,1,0,0,0,0,0,0,0
141,0,3,19.428571428571427,0,2,3,15.2458,5.0819,0,0,0,0,1,0,0,0,0,0,0,0,1,0,0
142,1,3,22.0,0,0,1,7.75,7.75,0,0,1,0,0,0,0,0,0,0,0,1,0,0,1
143,1,3,24.0,1,0,2,15.85,7.925,0,0,0,0,1,0,0,0,0,0,0,0,1,0,1
144,0,3,19.0,0,0,1,6.75,6.75,0,0,0,1,0,0,1,0,0,0,0,1,0,1,0
145,0,2,18.0,0,0,1,11.5,11.5,0,0,0,1,0,0,1,0,0,0,1,0,0,0,1
146,0,2,19.0,1,1,3,36.75,12.25,0,0,0,1,0,0,1,0,0,0,0,1,0,0,1
147,1,3,27.0,0,0,1,7.7958,7.7958,0,0,0,1,0,0,1,0,0,0,1,0,0,0,1
148,0,3,9.0,2,2,5,34.375,6.875,0,0,1,0,0,0,0,0,0,0,0,0,1,0,1
149,0,2,36.5,0,2,3,26.0,8.6667,0,0,0,1,0,0,1,0,0,0,0,1,0,0,1
150,0,2,42.0,0,0,1,13.0,13.0,0,0,0,0,0,1,1,0,0,0,1,0,0,0,1
151,0,2,51.0,0,0,1,12.525,12.525,0,0,0,0,0,1,1,0,0,0,1,0,0,0,1
152,1,1,22.0,1,0,2,66.6,33.3,0,0,0,0,1,0,0,0,1,0,0,0,0,0,1
153,0,3,55.5,0,0,1,8.05,8.05,0,0,0,1,0,0,1,0,0,0,1,0,0,0,1
154,0,3,40.5,0,2,3,14.5,4.8333,0,0,0,1,0,0,1,0,0,0,0,0,1,0,1
155,0,3,29.18449197860963,0,0,1,7.3125,7.3125,0,0,0,1,0,0,1,0,0,0,0,1,0,0,1
156,0,1,51.0,0,1,2,61.3792,30.6896,0,0,0,1,0,0,1,0,0,1,0,0,0,0,0
157,1,3,16.0,0,0,1,7.7333,7.7333,0,0,1,0,0,0,0,0,0,0,0,1,0,1,0
158,0,3,30.0,0,0,1,8.05,8.05,0,0,0,1,0,0,1,0,0,0,1,0,0,0,1
159,0,3,29.184491978609625,0,0,1,8.6625,8.6625,0,0,0,1,0,0,1,0,0,0,0,0,1,0,1
160,0,3,8.0,8,2,11,69.55,6.3227,0,1,0,0,0,0,1,0,0,0,0,0,1,0,1
161,0,3,44.0,0,1,2,16.1,8.05,0,0,0,1,0,0,1,0,0,0,0,0,1,0,1
162,1,2,40.0,0,0,1,15.75,15.75,0,0,0,0,1,0,0,0,0,1,0,0,0,0,1
163,0,3,26.0,0,0,1,7.775,7.775,0,0,0,1,0,0,1,0,0,0,1,0,0,0,1
164,0,3,17.0,0,0,1,8.6625,8.6625,0,0,0,1,0,0,1,0,0,0,0,0,1,0,1
165,0,3,1.0,4,1,6,39.6875,6.6146,0,1,0,0,0,0,1,0,0,0,0,0,1,0,1
166,1,3,9.0,0,2,3,20.525,6.8417,0,1,0,0,0,0,1,0,0,0,0,0,1,0,1
167,1,1,35.55555555555556,0,1,2,55.0,27.5,0,0,0,0,1,0,0,0,0,0,1,0,0,0,1
168,0,3,45.0,1,4,6,27.9,4.65,0,0,0,0,1,0,0,0,0,0,0,0,1,0,1
169,0,1,44.60185185185185,0,0,1,25.925,25.925,0,0,0,1,0,0,1,0,0,0,1,0,0,0,1
170,0,3,28.0,0,0,1,56.4958,56.4958,0,0,0,1,0,0,1,0,0,0,0,0,1,0,1
171,0,1,61.0,0,0,1,33.5,33.5,0,0,0,1,0,0,1,1,0,0,0,0,0,0,1
172,0,3,4.0,4,1,6,29.125,4.8542,0,1,0,0,0,0,1,0,0,0,0,0,1,1,0
173,1,3,1.0,1,1,3,11.1333,3.7111,0,0,1,0,0,0,0,0,0,0,0,0,1,0,1
174,0,3,21.0,0,0,1,7.925,7.925,0,0,0,1,0,0,1,0,0,0,1,0,0,0,1
175,0,1,56.0,0,0,1,30.6958,30.6958,0,0,0,1,0,0,1,0,0,0,0,0,0,0,0
176,0,3,18.0,1,1,3,7.8542,2.6181,0,0,0,1,0,0,1,0,0,0,1,0,0,0,1
177,0,3,2.0,3,1,5,25.4667,5.0933,0,1,0,0,0,0,1,0,0,0,0,0,1,0,1
178,0,1,50.0,0,0,1,28.7125,28.7125,0,0,1,0,0,0,0,0,1,0,0,0,0,0,0
179,0,2,30.0,0,0,1,13.0,13.0,0,0,0,1,0,0,1,0,0,0,1,0,0,0,1
180,0,3,36.0,0,0,1,0.0,0.0,0,0,0,1,0,0,1,0,0,0,0,1,0,0,1
181,0,3,8.0,8,2,11,69.55,6.3227,0,0,1,0,0,0,0,0,0,0,0,0,1,0,1
182,0,2,33.904761904761905,0,0,1,15.05,15.05,0,0,0,1,0,0,1,0,0,1,0,0,0,0,0
183,0,3,9.0,4,2,7,31.3875,4.4839,0,1,0,0,0,0,1,0,0,0,0,0,1,0,1
184,1,2,1.0,2,1,4,39.0,9.75,0,1,0,0,0,0,1,0,0,0,0,1,0,0,1
185,1,3,4.0,0,2,3,22.025,7.3417,0,0,1,0,0,0,0,0,0,0,0,0,1,0,1
186,0,1,44.601851851851855,0,0,1,50.0,50.0,0,0,0,1,0,0,1,0,0,0,0,0,0,0,1
187,1,3,25.035714285714285,1,0,2,15.5,7.75,0,0,0,0,1,0,0,0,0,0,0,0,1,1,0
188,1,1,45.0,0,0,1,26.55,26.55,0,0,0,1,0,0,1,0,0,0,1,0,0,0,1
189,0,3,40.0,1,1,3,15.5,5.1667,0,0,0,1,0,0,1,0,0,0,0,0,1,1,0
190,0,3,36.0,0,0,1,7.8958,7.8958,0,0,0,1,0,0,1,0,0,0,1,0,0,0,1
191,1,2,32.0,0,0,1,13.0,13.0,0,0,0,0,1,0,0,0,0,0,1,0,0,0,1
192,0,2,19.0,0,0,1,13.0,13.0,0,0,0,1,0,0,1,0,0,0,1,0,0,0,1
193,1,3,19.0,1,0,2,7.8542,3.9271,0,0,1,0,0,0,0,0,0,0,1,0,0,0,1
194,1,2,3.0,1,1,3,26.0,8.6667,0,1,0,0,0,0,1,0,0,0,0,1,0,0,1
195,1,1,44.0,0,0,1,27.7208,27.7208,0,0,0,0,1,0,0,1,0,0,0,0,0,0,0
196,1,1,58.0,0,0,1,146.5208,146.5208,0,0,1,0,0,0,0,1,0,0,0,0,0,0,0
197,0,3,29.184491978609625,0,0,1,7.75,7.75,0,0,0,1,0,0,1,0,0,0,0,1,0,1,0
198,0,3,42.0,0,1,2,8.4042,4.2021,0,0,0,1,0,0,1,0,0,0,0,0,1,0,1
199,1,3,23.56578947368421,0,0,1,7.75,7.75,0,0,1,0,0,0,0,0,0,0,0,1,0,1,0
200,0,2,24.0,0,0,1,13.0,13.0,0,0,1,0,0,0,0,0,0,0,1,0,0,0,1
201,0,3,28.0,0,0,1,9.5,9.5,0,0,0,1,0,0,1,0,0,0,0,0,1,0,1
202,0,3,8.0,8,2,11,69.55,6.3227,0,0,0,1,0,0,1,0,0,0,0,0,1,0,1
203,0,3,34.0,0,0,1,6.4958,6.4958,0,0,0,1,0,0,1,0,0,0,0,1,0,0,1
204,0,3,45.5,0,0,1,7.225,7.225,0,0,0,1,0,0,1,0,0,0,0,1,0,0,0
205,1,3,18.0,0,0,1,8.05,8.05,0,0,0,1,0,0,1,0,0,0,1,0,0,0,1
206,0,3,2.0,0,1,2,10.4625,5.2312,0,0,1,0,0,0,0,0,0,0,0,0,1,0,1
207,0,3,32.0,1,0,2,15.85,7.925,0,0,0,1,0,0,1,0,0,0,0,0,1,0,1
208,1,3,26.0,0,0,1,18.7875,18.7875,0,0,0,1,0,0,1,0,0,0,0,0,1,0,0
209,1,3,16.0,0,0,1,7.75,7.75,0,0,1,0,0,0,0,0,0,0,0,1,0,1,0
210,1,1,40.0,0,0,1,31.0,31.0,0,0,0,1,0,0,1,0,0,0,0,0,0,0,0
211,0,3,24.0,0,0,1,7.05,7.05,0,0,0,1,0,0,1,0,0,0,0,1,0,0,1
212,1,2,35.0,0,0,1,21.0,21.0,0,0,1,0,0,0,0,0,0,1,0,0,0,0,1
213,0,3,22.0,0,0,1,7.25,7.25,0,0,0,1,0,0,1,0,0,0,0,1,0,0,1
214,0,2,30.0,0,0,1,13.0,13.0,0,0,0,1,0,0,1,0,0,0,1,0,0,0,1
215,0,3,24.823529411764707,1,0,2,7.75,3.875,0,0,0,1,0,0,1,0,0,0,0,1,0,1,0
216,1,1,31.0,1,0,2,113.275,56.6375,0,0,1,0,0,0,0,0,0,1,0,0,0,0,0
217,1,3,27.0,0,0,1,7.925,7.925,0,0,1,0,0,0,0,0,0,0,1,0,0,0,1
218,0,2,42.0,1,0,2,27.0,13.5,0,0,0,1,0,0,1,0,0,0,0,1,0,0,1
219,1,1,32.0,0,0,1,76.2917,76.2917,0,0,1,0,0,0,0,0,0,1,0,0,0,0,0
220,0,2,30.0,0,0,1,10.5,10.5,0,0,0,1,0,0,1,0,0,0,1,0,0,0,1
221,1,3,16.0,0,0,1,8.05,8.05,0,0,0,1,0,0,1,0,0,0,1,0,0,0,1
222,0,2,27.0,0,0,1,13.0,13.0,0,0,0,1,0,0,1,0,0,0,1,0,0,0,1
223,0,3,51.0,0,0,1,8.05,8.05,0,0,0,1,0,0,1,0,0,0,1,0,0,0,1
224,0,3,29.18449197860963,0,0,1,7.8958,7.8958,0,0,0,1,0,0,1,0,0,0,1,0,0,0,1
225,1,1,38.0,1,0,2,90.0,45.0,0,0,0,1,0,0,1,0,1,0,0,0,0,0,1
226,0,3,22.0,0,0,1,9.35,9.35,0,0,0,1,0,0,1,0,0,0,0,0,1,0,1
227,1,2,19.0,0,0,1,10.5,10.5,0,0,0,1,0,0,1,0,0,0,1,0,0,0,1
228,0,3,20.5,0,0,1,7.25,7.25,0,0,0,1,0,0,1,0,0,0,0,1,0,0,1
229,0,2,18.0,0,0,1,13.0,13.0,0,0,0,1,0,0,1,0,0,0,1,0,0,0,1
230,0,3,5.5,3,1,5,25.4667,5.0933,0,0,1,0,0,0,0,0,0,0,0,0,1,0,1
231,1,1,35.0,1,0,2,83.475,41.7375,0,0,0,0,1,0,0,0,1,0,0,0,0,0,1
232,0,3,29.0,0,0,1,7.775,7.775,0,0,0,1,0,0,1,0,0,0,1,0,0,0,1
233,0,2,59.0,0,0,1,13.5,13.5,0,0,0,1,0,0,1,0,0,0,1,0,0,0,1
234,1,3,5.0,4,2,7,31.3875,4.4839,0,0,1,0,0,0,0,0,0,0,0,0,1,0,1
235,0,2,24.0,0,0,1,10.5,10.5,0,0,0,1,0,0,1,0,0,0,1,0,0,0,1
236,0,3,23.56578947368421,0,0,1,7.55,7.55,0,0,1,0,0,0,0,0,0,0,0,1,0,0,1
237,0,2,44.0,1,0,2,26.0,13.0,0,0,0,1,0,0,1,0,0,1,0,0,0,0,1
238,1,2,8.0,0,2,3,26.25,8.75,0,0,1,0,0,0,0,0,0,0,0,1,0,0,1
239,0,2,19.0,0,0,1,10.5,10.5,0,0,0,1,0,0,1,0,0,0,1,0,0,0,1
240,0,2,33.0,0,0,1,12.275,12.275,0,0,0,1,0,0,1,0,0,0,1,0,0,0,1
241,0,3,25.035714285714285,1,0,2,14.4542,7.2271,0,0,1,0,0,0,0,0,0,0,0,0,1,0,0
242,1,3,25.035714285714285,1,0,2,15.5,7.75,0,0,1,0,0,0,0,0,0,0,0,0,1,1,0
243,0,2,29.0,0,0,1,10.5,10.5,0,0,0,1,0,0,1,0,0,0,1,0,0,0,1
244,0,3,22.0,0,0,1,7.125,7.125,0,0,0,1,0,0,1,0,0,0,0,1,0,0,1
245,0,3,30.0,0,0,1,7.225,7.225,0,0,0,1,0,0,1,0,0,0,0,1,0,0,0
246,0,1,44.0,2,0,3,90.0,30.0,1,0,0,0,0,0,1,0,1,0,0,0,0,1,0
247,0,3,25.0,0,0,1,7.775,7.775,0,0,1,0,0,0,0,0,0,0,1,0,0,0,1
248,1,2,24.0,0,2,3,14.5,4.8333,0,0,0,0,1,0,0,0,0,0,1,0,0,0,1
249,1,1,37.0,1,1,3,52.5542,17.5181,0,0,0,1,0,0,1,0,0,1,0,0,0,0,1
250,0,2,54.0,1,0,2,26.0,13.0,0,0,0,0,0,1,1,0,0,1,0,0,0,0,1
251,0,3,29.184491978609625,0,0,1,7.25,7.25,0,0,0,1,0,0,1,0,0,0,0,1,0,0,1
252,0,3,29.0,1,1,3,10.4625,3.4875,0,0,0,0,1,0,0,0,0,0,0,0,1,0,1
253,0,1,62.0,0,0,1,26.55,26.55,0,0,0,1,0,0,1,0,1,0,0,0,0,0,1
254,0,3,30.0,1,0,2,16.1,8.05,0,0,0,1,0,0,1,0,0,0,0,0,1,0,1
255,0,3,41.0,0,2,3,20.2125,6.7375,0,0,0,0,1,0,0,0,0,0,0,0,1,0,1
256,1,3,29.0,0,2,3,15.2458,5.0819,0,0,0,0,1,0,0,0,0,0,0,0,1,0,0
257,1,1,34.9375,0,0,1,79.2,79.2,0,0,0,0,1,0,0,0,1,0,0,0,0,0,0
258,1,1,30.0,0,0,1,86.5,86.5,0,0,1,0,0,0,0,1,0,0,0,0,0,0,1
259,1,1,35.0,0,0,1,512.3292,512.3292,0,0,1,0,0,0,0,1,0,0,0,0,0,0,0
260,1,2,50.0,0,1,2,26.0,13.0,0,0,0,0,1,0,0,0,0,1,0,0,0,0,1
261,0,3,29.184491978609625,0,0,1,7.75,7.75,0,0,0,1,0,0,1,0,0,0,0,1,0,1,0
262,1,3,3.0,4,2,7,31.3875,4.4839,0,1,0,0,0,0,1,0,0,0,0,0,1,0,1
263,0,1,52.0,1,1,3,79.65,26.55,0,0,0,1,0,0,1,0,0,0,1,0,0,0,1
264,0,1,40.0,0,0,1,0.0,0.0,0,0,0,1,0,0,1,1,0,0,0,0,0,0,1
265,0,3,23.565789473684212,0,0,1,7.75,7.75,0,0,1,0,0,0,0,0,0,0,0,1,0,1,0
266,0,2,36.0,0,0,1,10.5,10.5,0,0,0,1,0,0,1,0,0,0,1,0,0,0,1
267,0,3,16.0,4,1,6,39.6875,6.6146,0,0,0,1,0,0,1,0,0,0,0,0,1,0,1
268,1,3,25.0,1,0,2,7.775,3.8875,0,0,0,1,0,0,1,0,0,0,1,0,0,0,1
269,1,1,58.0,0,1,2,153.4625,76.7312,0,0,0,0,1,0,0,0,1,0,0,0,0,0,1
270,1,1,35.0,0,0,1,135.6333,135.6333,0,0,1,0,0,0,0,0,1,0,0,0,0,0,1
271,0,1,44.601851851851855,0,0,1,31.0,31.0,0,0,0,1,0,0,1,0,0,0,1,0,0,0,1
272,1,3,25.0,0,0,1,0.0,0.0,0,0,0,1,0,0,1,0,0,0,0,1,0,0,1
273,1,2,41.0,0,1,2,19.5,9.75,0,0,0,0,1,0,0,0,0,1,0,0,0,0,1
274,0,1,37.0,0,1,2,29.7,14.85,0,0,0,1,0,0,1,0,1,0,0,0,0,0,0
275,1,3,23.565789473684212,0,0,1,7.75,7.75,0,0,1,0,0,0,0,0,0,0,0,1,0,1,0
276,1,1,63.0,1,0,2,77.9583,38.9791,0,0,1,0,0,0,0,0,0,1,0,0,0,0,1
277,0,3,45.0,0,0,1,7.75,7.75,0,0,1,0,0,0,0,0,0,0,0,1,0,0,1
278,0,2,33.904761904761905,0,0,1,0.0,0.0,0,0,0,1,0,0,1,0,0,0,1,0,0,0,1
279,0,3,7.0,4,1,6,29.125,4.8542,0,1,0,0,0,0,1,0,0,0,0,0,1,1,0
280,1,3,35.0,1,1,3,20.25,6.75,0,0,0,0,1,0,0,0,0,0,0,0,1,0,1
281,0,3,65.0,0,0,1,7.75,7.75,0,0,0,1,0,0,1,0,0,0,0,1,0,1,0
282,0,3,28.0,0,0,1,7.8542,7.8542,0,0,0,1,0,0,1,0,0,0,1,0,0,0,1
283,0,3,16.0,0,0,1,9.5,9.5,0,0,0,1,0,0,1,0,0,0,0,0,1,0,1
284,1,3,19.0,0,0,1,8.05,8.05,0,0,0,1,0,0,1,0,0,0,1,0,0,0,1
285,0,1,44.60185185185185,0,0,1,26.0,26.0,0,0,0,1,0,0,1,0,0,0,0,0,0,0,1
286,0,3,33.0,0,0,1,8.6625,8.6625,0,0,0,1,0,0,1,0,0,0,0,0,1,0,0
287,1,3,30.0,0,0,1,9.5,9.5,0,0,0,1,0,0,1,0,0,0,0,0,1,0,1
288,0,3,22.0,0,0,1,7.8958,7.8958,0,0,0,1,0,0,1,0,0,0,1,0,0,0,1
289,1,2,42.0,0,0,1,13.0,13.0,0,0,0,1,0,0,1,0,0,0,1,0,0,0,1
290,1,3,22.0,0,0,1,7.75,7.75,0,0,1,0,0,0,0,0,0,0,0,1,0,1,0
291,1,1,26.0,0,0,1,78.85,78.85,0,0,1,0,0,0,0,0,1,0,0,0,0,0,1
292,1,1,19.0,1,0,2,91.0792,45.5396,0,0,0,0,1,0,0,1,0,0,0,0,0,0,0
293,0,2,36.0,0,0,1,12.875,12.875,0,0,0,1,0,0,1,0,0,1,0,0,0,0,0
294,0,3,24.0,0,0,1,8.85,8.85,0,0,1,0,0,0,0,0,0,0,0,0,1,0,1
295,0,3,24.0,0,0,1,7.8958,7.8958,0,0,0,1,0,0,1,0,0,0,1,0,0,0,1
296,0,1,44.601851851851855,0,0,1,27.7208,27.7208,0,0,0,1,0,0,1,0,0,0,1,0,0,0,0
297,0,3,23.5,0,0,1,7.2292,7.2292,0,0,0,1,0,0,1,0,0,0,0,1,0,0,0
298,0,1,2.0,1,2,4,151.55,37.8875,0,0,1,0,0,0,0,0,1,0,0,0,0,0,1
299,1,1,44.601851851851855,0,0,1,30.5,30.5,0,0,0,1,0,0,1,0,1,0,0,0,0,0,1
300,1,1,50.0,0,1,2,247.5208,123.7604,0,0,0,0,1,0,0,1,0,0,0,0,0,0,0
301,1,3,23.565789473684212,0,0,1,7.75,7.75,0,0,1,0,0,0,0,0,0,0,0,1,0,1,0
302,1,3,28.666666666666668,2,0,3,23.25,7.75,0,0,0,1,0,0,1,0,0,0,0,0,1,1,0
303,0,3,19.0,0,0,1,0.0,0.0,0,0,0,1,0,0,1,0,0,0,0,1,0,0,1
304,1,2,33.38333333333333,0,0,1,12.35,12.35,0,0,1,0,0,0,0,0,0,0,1,0,0,1,0
305,0,3,29.18449197860963,0,0,1,8.05,8.05,0,0,0,1,0,0,1,0,0,0,1,0,0,0,1
306,1,1,0.92,1,2,4,151.55,37.8875,0,1,0,0,0,0,1,0,1,0,0,0,0,0,1
307,1,1,34.9375,0,0,1,110.8833,110.8833,0,0,1,0,0,0,0,1,0,0,0,0,0,0,0
308,1,1,17.0,1,0,2,108.9,54.45,0,0,0,0,1,0,0,0,1,0,0,0,0,0,0
309,0,2,30.0,1,0,2,24.0,12.0,0,0,0,1,0,0,1,0,0,1,0,0,0,0,0
310,1,1,30.0,0,0,1,56.9292,56.9292,0,0,1,0,0,0,0,0,0,0,1,0,0,0,0
311,1,1,24.0,0,0,1,83.1583,83.1583,0,0,1,0,0,0,0,0,1,0,0,0,0,0,0
312,1,1,18.0,2,2,5,262.375,52.475,0,0,1,0,0,0,0,1,0,0,0,0,0,0,0
313,0,2,26.0,1,1,3,26.0,8.6667,0,0,0,0,1,0,0,0,0,1,0,0,0,0,1
314,0,3,28.0,0,0,1,7.8958,7.8958,0,0,0,1,0,0,1,0,0,0,1,0,0,0,1
315,0,2,43.0,1,1,3,26.25,8.75,0,0,0,1,0,0,1,0,0,0,0,1,0,0,1
316,1,3,26.0,0,0,1,7.8542,7.8542,0,0,1,0,0,0,0,0,0,0,1,0,0,0,1
317,1,2,24.0,1,0,2,26.0,13.0,0,0,0,0,1,0,0,0,0,1,0,0,0,0,1
318,0,2,54.0,0,0,1,14.0,14.0,1,0,0,0,0,0,1,0,0,0,1,0,0,0,1
319,1,1,31.0,0,2,3,164.8667,54.9556,0,0,1,0,0,0,0,0,1,0,0,0,0,0,1
320,1,1,40.0,1,1,3,134.5,44.8333,0,0,0,0,1,0,0,0,0,0,1,0,0,0,0
321,0,3,22.0,0,0,1,7.25,7.25,0,0,0,1,0,0,1,0,0,0,0,1,0,0,1
322,0,3,27.0,0,0,1,7.8958,7.8958,0,0,0,1,0,0,1,0,0,0,1,0,0,0,1
323,1,2,30.0,0,0,1,12.35,12.35,0,0,1,0,0,0,0,0,0,0,1,0,0,1,0
324,1,2,22.0,1,1,3,29.0,9.6667,0,0,0,0,1,0,0,0,0,0,0,1,0,0,1
325,0,3,8.0,8,2,11,69.55,6.3227,0,0,0,1,0,0,1,0,0,0,0,0,1,0,1
326,1,1,36.0,0,0,1,135.6333,135.6333,0,0,1,0,0,0,0,0,1,0,0,0,0,0,0
327,0,3,61.0,0,0,1,6.2375,6.2375,0,0,0,1,0,0,1,0,0,0,0,1,0,0,1
328,1,2,36.0,0,0,1,13.0,13.0,0,0,0,0,1,0,0,0,0,1,0,0,0,0,1
329,1,3,31.0,1,1,3,20.525,6.8417,0,0,0,0,1,0,0,0,0,0,0,0,1,0,1
330,1,1,16.0,0,1,2,57.9792,28.9896,0,0,1,0,0,0,0,1,0,0,0,0,0,0,0
331,1,3,18.0,2,0,3,23.25,7.75,0,0,1,0,0,0,0,0,0,0,0,0,1,1,0
332,0,1,45.5,0,0,1,28.5,28.5,0,0,0,1,0,0,1,0,1,0,0,0,0,0,1
333,0,1,38.0,0,1,2,153.4625,76.7312,0,0,0,1,0,0,1,0,1,0,0,0,0,0,1
334,0,3,16.0,2,0,3,18.0,6.0,0,0,0,1,0,0,1,0,0,0,0,0,1,0,1
335,1,1,37.43478260869565,1,0,2,133.65,66.825,0,0,0,0,1,0,0,1,0,0,0,0,0,0,1
336,0,3,29.184491978609625,0,0,1,7.8958,7.8958,0,0,0,1,0,0,1,0,0,0,1,0,0,0,1
337,0,1,29.0,1,0,2,66.6,33.3,0,0,0,1,0,0,1,0,1,0,0,0,0,0,1
338,1,1,41.0,0,0,1,134.5,134.5,0,0,1,0,0,0,0,0,0,0,1,0,0,0,0
339,1,3,45.0,0,0,1,8.05,8.05,0,0,0,1,0,0,1,0,0,0,1,0,0,0,1
340,0,1,45.0,0,0,1,35.5,35.5,0,0,0,1,0,0,1,0,0,0,0,0,0,0,1
341,1,2,2.0,1,1,3,26.0,8.6667,0,1,0,0,0,0,1,0,0,0,0,1,0,0,1
342,1,1,24.0,3,2,6,263.0,43.8333,0,0,1,0,0,0,0,0,1,0,0,0,0,0,1
343,0,2,28.0,0,0,1,13.0,13.0,0,0,0,1,0,0,1,0,0,0,1,0,0,0,1
344,0,2,25.0,0,0,1,13.0,13.0,0,0,0,1,0,0,1,0,0,0,1,0,0,0,1
345,0,2,36.0,0,0,1,13.0,13.0,0,0,0,1,0,0,1,0,0,0,1,0,0,0,1
346,1,2,24.0,0,0,1,13.0,13.0,0,0,1,0,0,0,0,0,0,0,0,1,0,0,1
347,1,2,40.0,0,0,1,13.0,13.0,0,0,1,0,0,0,0,0,0,0,1,0,0,0,1
348,1,3,25.035714285714285,1,0,2,16.1,8.05,0,0,0,0,1,0,0,0,0,0,0,0,1,0,1
349,1,3,3.0,1,1,3,15.9,5.3,0,1,0,0,0,0,1,0,0,0,0,0,1,0,1
350,0,3,42.0,0,0,1,8.6625,8.6625,0,0,0,1,0,0,1,0,0,0,0,0,1,0,1
351,0,3,23.0,0,0,1,9.225,9.225,0,0,0,1,0,0,1,0,0,0,0,0,1,0,1
352,0,1,44.601851851851855,0,0,1,35.0,35.0,0,0,0,1,0,0,1,0,1,0,0,0,0,0,1
353,0,3,15.0,1,1,3,7.2292,2.4097,0,0,0,1,0,0,1,0,0,0,0,1,0,0,0
354,0,3,25.0,1,0,2,17.8,8.9,0,0,0,1,0,0,1,0,0,0,0,0,1,0,1
355,0,3,29.184491978609625,0,0,1,7.225,7.225,0,0,0,1,0,0,1,0,0,0,0,1,0,0,0
356,0,3,28.0,0,0,1,9.5,9.5,0,0,0,1,0,0,1,0,0,0,0,0,1,0,1
357,1,1,22.0,0,1,2,55.0,27.5,0,0,1,0,0,0,0,0,0,0,1,0,0,0,1
358,0,2,38.0,0,0,1,13.0,13.0,0,0,1,0,0,0,0,0,0,0,1,0,0,0,1
359,1,3,23.56578947368421,0,0,1,7.8792,7.8792,0,0,1,0,0,0,0,0,0,0,1,0,0,1,0
360,1,3,23.56578947368421,0,0,1,7.8792,7.8792,0,0,1,0,0,0,0,0,0,0,1,0,0,1,0
361,0,3,40.0,1,4,6,27.9,4.65,0,0,0,1,0,0,1,0,0,0,0,0,1,0,1
362,0,2,29.0,1,0,2,27.7208,13.8604,0,0,0,1,0,0,1,0,0,0,0,1,0,0,0
363,0,3,45.0,0,1,2,14.4542,7.2271,0,0,0,0,1,0,0,0,0,0,0,0,1,0,0
364,0,3,35.0,0,0,1,7.05,7.05,0,0,0,1,0,0,1,0,0,0,0,1,0,0,1
365,0,3,24.823529411764707,1,0,2,15.5,7.75,0,0,0,1,0,0,1,0,0,0,0,0,1,1,0
366,0,3,30.0,0,0,1,7.25,7.25,0,0,0,1,0,0,1,0,0,0,0,1,0,0,1
367,1,1,60.0,1,0,2,75.25,37.625,0,0,0,0,1,0,0,0,0,1,0,0,0,0,0
368,1,3,23.56578947368421,0,0,1,7.2292,7.2292,0,0,0,0,1,0,0,0,0,0,0,1,0,0,0
369,1,3,23.56578947368421,0,0,1,7.75,7.75,0,0,1,0,0,0,0,0,0,0,0,1,0,1,0
370,1,1,24.0,0,0,1,69.3,69.3,0,0,0,0,0,0,0,1,0,0,0,0,0,0,0
371,1,1,25.0,1,0,2,55.4417,27.7208,0,0,0,1,0,0,1,0,0,0,1,0,0,0,0
372,0,3,18.0,1,0,2,6.4958,3.2479,0,0,0,1,0,0,1,0,0,0,0,1,0,0,1
373,0,3,19.0,0,0,1,8.05,8.05,0,0,0,1,0,0,1,0,0,0,1,0,0,0,1
374,0,1,22.0,0,0,1,135.6333,135.6333,0,0,0,1,0,0,1,1,0,0,0,0,0,0,0
375,0,3,3.0,3,1,5,21.075,4.215,0,0,1,0,0,0,0,0,0,0,0,0,1,0,1
376,1,1,37.43478260869565,1,0,2,82.1708,41.0854,0,0,0,0,1,0,0,0,1,0,0,0,0,0,0
377,1,3,22.0,0,0,1,7.25,7.25,0,0,1,0,0,0,0,0,0,0,0,1,0,0,1
378,0,1,27.0,0,2,3,211.5,70.5,0,0,0,1,0,0,1,0,1,0,0,0,0,0,0
379,0,3,20.0,0,0,1,4.0125,4.0125,0,0,0,1,0,0,1,0,0,0,0,1,0,0,0
380,0,3,19.0,0,0,1,7.775,7.775,0,0,0,1,0,0,1,0,0,0,1,0,0,0,1
381,1,1,42.0,0,0,1,227.525,227.525,0,0,1,0,0,0,0,1,0,0,0,0,0,0,0
382,1,3,1.0,0,2,3,15.7417,5.2472,0,0,1,0,0,0,0,0,0,0,0,0,1,0,0
383,0,3,32.0,0,0,1,7.925,7.925,0,0,0,1,0,0,1,0,0,0,1,0,0,0,1
384,1,1,35.0,1,0,2,52.0,26.0,0,0,0,0,1,0,0,0,0,1,0,0,0,0,1
385,0,3,29.18449197860963,0,0,1,7.8958,7.8958,0,0,0,1,0,0,1,0,0,0,1,0,0,0,1
386,0,2,18.0,0,0,1,73.5,73.5,0,0,0,1,0,0,1,0,0,0,0,1,0,0,1
387,0,3,1.0,5,2,8,46.9,5.8625,0,1,0,0,0,0,1,0,0,0,0,0,1,0,1
388,1,2,36.0,0,0,1,13.0,13.0,0,0,1,0,0,0,0,0,0,0,1,0,0,0,1
389,0,3,29.184491978609625,0,0,1,7.7292,7.7292,0,0,0,1,0,0,1,0,0,0,0,1,0,1,0
390,1,2,17.0,0,0,1,12.0,12.0,0,0,1,0,0,0,0,0,0,0,1,0,0,0,0
391,1,1,36.0,1,2,4,120.0,30.0,0,0,0,1,0,0,1,1,0,0,0,0,0,0,1
392,1,3,21.0,0,0,1,7.7958,7.7958,0,0,0,1,0,0,1,0,0,0,1,0,0,0,1
393,0,3,28.0,2,0,3,7.925,2.6417,0,0,0,1,0,0,1,0,0,0,1,0,0,0,1
394,1,1,23.0,1,0,2,113.275,56.6375,0,0,1,0,0,0,0,0,0,1,0,0,0,0,0
395,1,3,24.0,0,2,3,16.7,5.5667,0,0,0,0,1,0,0,0,0,0,0,0,1,0,1
396,0,3,22.0,0,0,1,7.7958,7.7958,0,0,0,1,0,0,1,0,0,0,1,0,0,0,1
397,0,3,31.0,0,0,1,7.8542,7.8542,0,0,1,0,0,0,0,0,0,0,1,0,0,0,1
398,0,2,46.0,0,0,1,26.0,26.0,0,0,0,1,0,0,1,0,0,1,0,0,0,0,1
399,0,2,23.0,0,0,1,10.5,10.5,1,0,0,0,0,0,1,0,0,0,1,0,0,0,1
400,1,2,28.0,0,0,1,12.65,12.65,0,0,0,0,1,0,0,0,0,0,1,0,0,0,1
401,1,3,39.0,0,0,1,7.925,7.925,0,0,0,1,0,0,1,0,0,0,1,0,0,0,1
402,0,3,26.0,0,0,1,8.05,8.05,0,0,0,1,0,0,1,0,0,0,1,0,0,0,1
403,0,3,21.0,1,0,2,9.825,4.9125,0,0,1,0,0,0,0,0,0,0,0,0,1,0,1
404,0,3,28.0,1,0,2,15.85,7.925,0,0,0,1,0,0,1,0,0,0,0,0,1,0,1
405,0,3,20.0,0,0,1,8.6625,8.6625,0,0,1,0,0,0,0,0,0,0,0,0,1,0,1
406,0,2,34.0,1,0,2,21.0,10.5,0,0,0,1,0,0,1,0,0,1,0,0,0,0,1
407,0,3,51.0,0,0,1,7.75,7.75,0,0,0,1,0,0,1,0,0,0,0,1,0,0,1
408,1,2,3.0,1,1,3,18.75,6.25,0,1,0,0,0,0,1,0,0,1,0,0,0,0,1
409,0,3,21.0,0,0,1,7.775,7.775,0,0,0,1,0,0,1,0,0,0,1,0,0,0,1
410,0,3,5.5,3,1,5,25.4667,5.0933,0,0,1,0,0,0,0,0,0,0,0,0,1,0,1
411,0,3,29.18449197860962,0,0,1,7.8958,7.8958,0,0,0,1,0,0,1,0,0,0,1,0,0,0,1
412,0,3,29.18449197860962,0,0,1,6.8583,6.8583,0,0,0,1,0,0,1,0,0,0,0,1,0,1,0
413,1,1,33.0,1,0,2,90.0,45.0,0,0,1,0,0,0,0,0,1,0,0,0,0,1,0
414,0,2,33.904761904761905,0,0,1,0.0,0.0,0,0,0,1,0,0,1,0,0,0,1,0,0,0,1
415,1,3,44.0,0,0,1,7.925,7.925,0,0,0,1,0,0,1,0,0,0,1,0,0,0,1
416,0,3,23.565789473684205,0,0,1,8.05,8.05,0,0,0,0,1,0,0,0,0,0,1,0,0,0,1
417,1,2,34.0,1,1,3,32.5,10.8333,0,0,0,0,1,0,0,0,0,0,0,1,0,0,1
418,1,2,18.0,0,2,3,13.0,4.3333,0,0,1,0,0,0,0,0,0,0,1,0,0,0,1
419,0,2,30.0,0,0,1,13.0,13.0,0,0,0,1,0,0,1,0,0,0,1,0,0,0,1
420,0,3,10.0,0,2,3,24.15,8.05,0,0,1,0,0,0,0,0,0,0,0,0,1,0,1
421,0,3,29.184491978609625,0,0,1,7.8958,7.8958,0,0,0,1,0,0,1,0,0,0,1,0,0,0,0
422,0,3,21.0,0,0,1,7.7333,7.7333,0,0,0,1,0,0,1,0,0,0,0,1,0,1,0
423,0,3,29.0,0,0,1,7.875,7.875,0,0,0,1,0,0,1,0,0,0,1,0,0,0,1
424,0,3,28.0,1,1,3,14.4,4.8,0,0,0,0,1,0,0,0,0,0,0,0,1,0,1
425,0,3,18.0,1,1,3,20.2125,6.7375,0,0,0,1,0,0,1,0,0,0,0,0,1,0,1
426,0,3,29.18449197860962,0,0,1,7.25,7.25,0,0,0,1,0,0,1,0,0,0,0,1,0,0,1
427,1,2,28.0,1,0,2,26.0,13.0,0,0,0,0,1,0,0,0,0,1,0,0,0,0,1
428,1,2,19.0,0,0,1,26.0,26.0,0,0,1,0,0,0,0,0,0,1,0,0,0,0,1
429,0,3,29.184491978609618,0,0,1,7.75,7.75,0,0,0,1,0,0,1,0,0,0,0,1,0,1,0
430,1,3,32.0,0,0,1,8.05,8.05,0,0,0,1,0,0,1,0,0,0,1,0,0,0,1
431,1,1,28.0,0,0,1,26.55,26.55,0,0,0,1,0,0,1,0,1,0,0,0,0,0,1
432,1,3,25.035714285714285,1,0,2,16.1,8.05,0,0,0,0,1,0,0,0,0,0,0,0,1,0,1
433,1,2,42.0,1,0,2,26.0,13.0,0,0,0,0,1,0,0,0,0,1,0,0,0,0,1
434,0,3,17.0,0,0,1,7.125,7.125,0,0,0,1,0,0,1,0,0,0,0,1,0,0,1
435,0,1,50.0,1,0,2,55.9,27.95,0,0,0,1,0,0,1,0,0,0,1,0,0,0,1
436,1,1,14.0,1,2,4,120.0,30.0,0,0,1,0,0,0,0,1,0,0,0,0,0,0,1
437,0,3,21.0,2,2,5,34.375,6.875,0,0,1,0,0,0,0,0,0,0,0,0,1,0,1
438,1,2,24.0,2,3,6,18.75,3.125,0,0,0,0,1,0,0,0,0,1,0,0,0,0,1
439,0,1,64.0,1,4,6,263.0,43.8333,0,0,0,1,0,0,1,0,1,0,0,0,0,0,1
440,0,2,31.0,0,0,1,10.5,10.5,0,0,0,1,0,0,1,0,0,0,1,0,0,0,1
441,1,2,45.0,1,1,3,26.25,8.75,0,0,0,0,1,0,0,0,0,0,0,1,0,0,1
442,0,3,20.0,0,0,1,9.5,9.5,0,0,0,1,0,0,1,0,0,0,0,0,1,0,1
443,0,3,25.0,1,0,2,7.775,3.8875,0,0,0,1,0,0,1,0,0,0,1,0,0,0,1
444,1,2,28.0,0,0,1,13.0,13.0,0,0,0,0,0,0,0,0,0,0,1,0,0,0,1
445,1,3,29.184491978609618,0,0,1,8.1125,8.1125,0,0,0,1,0,0,1,0,0,0,0,0,1,0,1
446,1,1,4.0,0,2,3,81.8583,27.2861,0,1,0,0,0,0,1,0,0,0,0,0,0,0,1
447,1,2,13.0,0,1,2,19.5,9.75,0,0,1,0,0,0,0,0,0,1,0,0,0,0,1
448,1,1,34.0,0,0,1,26.55,26.55,0,0,0,1,0,0,1,0,0,0,1,0,0,0,1
449,1,3,5.0,2,1,4,19.2583,4.8146,0,0,1,0,0,0,0,0,0,0,0,0,1,0,0
450,1,1,52.0,0,0,1,30.5,30.5,0,0,0,0,0,0,1,0,1,0,0,0,0,0,1
451,0,2,36.0,1,2,4,27.75,6.9375,0,0,0,1,0,0,1,0,0,0,0,1,0,0,1
452,0,3,24.823529411764707,1,0,2,19.9667,9.9834,0,0,0,1,0,0,1,0,0,0,0,0,1,0,1
453,0,1,30.0,0,0,1,27.75,27.75,0,0,0,1,0,0,1,0,1,0,0,0,0,0,0
454,1,1,49.0,1,0,2,89.1042,44.5521,0,0,0,1,0,0,1,0,1,0,0,0,0,0,0
455,0,3,29.18449197860962,0,0,1,8.05,8.05,0,0,0,1,0,0,1,0,0,0,1,0,0,0,1
456,1,3,29.0,0,0,1,7.8958,7.8958,0,0,0,1,0,0,1,0,0,0,1,0,0,0,0
457,0,1,65.0,0,0,1,26.55,26.55,0,0,0,1,0,0,1,0,0,0,1,0,0,0,1
458,1,1,37.43478260869565,1,0,2,51.8625,25.9312,0,0,0,0,1,0,0,0,0,1,0,0,0,0,1
459,1,2,50.0,0,0,1,10.5,10.5,0,0,1,0,0,0,0,0,0,0,1,0,0,0,1
460,0,3,29.184491978609618,0,0,1,7.75,7.75,0,0,0,1,0,0,1,0,0,0,0,1,0,1,0
461,1,1,48.0,0,0,1,26.55,26.55,0,0,0,1,0,0,1,0,0,0,1,0,0,0,1
462,0,3,34.0,0,0,1,8.05,8.05,0,0,0,1,0,0,1,0,0,0,1,0,0,0,1
463,0,1,47.0,0,0,1,38.5,38.5,0,0,0,1,0,0,1,0,0,0,1,0,0,0,1
464,0,2,48.0,0,0,1,13.0,13.0,0,0,0,1,0,0,1,0,0,0,1,0,0,0,1
465,0,3,29.184491978609614,0,0,1,8.05,8.05,0,0,0,1,0,0,1,0,0,0,1,0,0,0,1
466,0,3,38.0,0,0,1,7.05,7.05,0,0,0,1,0,0,1,0,0,0,0,1,0,0,1
467,0,2,33.904761904761905,0,0,1,0.0,0.0,0,0,0,1,0,0,1,0,0,0,1,0,0,0,1
468,0,1,56.0,0,0,1,26.55,26.55,0,0,0,1,0,0,1,0,0,0,1,0,0,0,1
469,0,3,29.184491978609618,0,0,1,7.725,7.725,0,0,0,1,0,0,1,0,0,0,0,1,0,1,0
470,1,3,0.75,2,1,4,19.2583,4.8146,0,0,1,0,0,0,0,0,0,0,0,0,1,0,0
471,0,3,29.184491978609618,0,0,1,7.25,7.25,0,0,0,1,0,0,1,0,0,0,0,1,0,0,1
472,0,3,38.0,0,0,1,8.6625,8.6625,0,0,0,1,0,0,1,0,0,0,0,0,1,0,1
473,1,2,33.0,1,2,4,27.75,6.9375,0,0,0,0,1,0,0,0,0,0,0,1,0,0,1
474,1,2,23.0,0,0,1,13.7917,13.7917,0,0,0,0,1,0,0,0,0,1,0,0,0,0,0
475,0,3,22.0,0,0,1,9.8375,9.8375,0,0,1,0,0,0,0,0,0,0,0,0,1,0,1
476,0,1,44.601851851851855,0,0,1,52.0,52.0,0,0,0,1,0,0,1,0,0,0,0,0,0,0,1
477,0,2,34.0,1,0,2,21.0,10.5,0,0,0,1,0,0,1,0,0,1,0,0,0,0,1
478,0,3,29.0,1,0,2,7.0458,3.5229,0,0,0,1,0,0,1,0,0,0,0,1,0,0,1
479,0,3,22.0,0,0,1,7.5208,7.5208,0,0,0,1,0,0,1,0,0,0,0,1,0,0,1
480,1,3,2.0,0,1,2,12.2875,6.1438,0,0,1,0,0,0,0,0,0,0,0,0,1,0,1
481,0,3,9.0,5,2,8,46.9,5.8625,0,1,0,0,0,0,1,0,0,0,0,0,1,0,1
482,0,2,33.904761904761905,0,0,1,0.0,0.0,0,0,0,1,0,0,1,0,0,0,1,0,0,0,1
483,0,3,50.0,0,0,1,8.05,8.05,0,0,0,1,0,0,1,0,0,0,1,0,0,0,1
484,1,3,63.0,0,0,1,9.5875,9.5875,0,0,0,0,1,0,0,0,0,0,0,0,1,0,1
485,1,1,25.0,1,0,2,91.0792,45.5396,0,0,0,1,0,0,1,1,0,0,0,0,0,0,0
486,0,3,5.5,3,1,5,25.4667,5.0933,0,0,1,0,0,0,0,0,0,0,0,0,1,0,1
487,1,1,35.0,1,0,2,90.0,45.0,0,0,0,0,1,0,0,0,1,0,0,0,0,0,1
488,0,1,58.0,0,0,1,29.7,29.7,0,0,0,1,0,0,1,1,0,0,0,0,0,0,0
489,0,3,30.0,0,0,1,8.05,8.05,0,0,0,1,0,0,1,0,0,0,1,0,0,0,1
490,1,3,9.0,1,1,3,15.9,5.3,0,1,0,0,0,0,1,0,0,0,0,0,1,0,1
491,0,3,24.823529411764703,1,0,2,19.9667,9.9834,0,0,0,1,0,0,1,0,0,0,0,0,1,0,1
492,0,3,21.0,0,0,1,7.25,7.25,0,0,0,1,0,0,1,0,0,0,0,1,0,0,1
493,0,1,55.0,0,0,1,30.5,30.5,0,0,0,1,0,0,1,0,1,0,0,0,0,0,1
494,0,1,71.0,0,0,1,49.5042,49.5042,0,0,0,1,0,0,1,0,0,1,0,0,0,0,0
495,0,3,21.0,0,0,1,8.05,8.05,0,0,0,1,0,0,1,0,0,0,1,0,0,0,1
496,0,3,29.184491978609614,0,0,1,14.4583,14.4583,0,0,0,1,0,0,1,0,0,0,0,0,1,0,0
497,1,1,54.0,1,0,2,78.2667,39.1334,0,0,1,0,0,0,0,0,0,1,0,0,0,0,0
498,0,3,29.18449197860961,0,0,1,15.1,15.1,0,0,0,1,0,0,1,0,0,0,0,0,1,0,1
499,0,1,25.0,1,2,4,151.55,37.8875,0,0,0,0,1,0,0,0,1,0,0,0,0,0,1
500,0,3,24.0,0,0,1,7.7958,7.7958,0,0,0,1,0,0,1,0,0,0,1,0,0,0,1
501,0,3,17.0,0,0,1,8.6625,8.6625,0,0,0,1,0,0,1,0,0,0,0,0,1,0,1
502,0,3,21.0,0,0,1,7.75,7.75,0,0,1,0,0,0,0,0,0,0,0,1,0,1,0
503,0,3,23.565789473684205,0,0,1,7.6292,7.6292,0,0,1,0,0,0,0,0,0,0,0,1,0,1,0
504,0,3,37.0,0,0,1,9.5875,9.5875,0,0,1,0,0,0,0,0,0,0,0,0,1,0,1
505,1,1,16.0,0,0,1,86.5,86.5,0,0,1,0,0,0,0,1,0,0,0,0,0,0,1
506,0,1,18.0,1,0,2,108.9,54.45,0,0,0,1,0,0,1,0,1,0,0,0,0,0,0
507,1,2,33.0,0,2,3,26.0,8.6667,0,0,0,0,1,0,0,0,0,1,0,0,0,0,1
508,1,1,44.601851851851855,0,0,1,26.55,26.55,0,0,0,1,0,0,1,0,0,0,1,0,0,0,1
509,0,3,28.0,0,0,1,22.525,22.525,0,0,0,1,0,0,1,0,0,0,0,0,1,0,1
510,1,3,26.0,0,0,1,56.4958,56.4958,0,0,0,1,0,0,1,0,0,0,0,0,1,0,1
511,1,3,29.0,0,0,1,7.75,7.75,0,0,0,1,0,0,1,0,0,0,0,1,0,1,0
512,0,3,29.184491978609614,0,0,1,8.05,8.05,0,0,0,1,0,0,1,0,0,0,1,0,0,0,1
513,1,1,36.0,0,0,1,26.2875,26.2875,0,0,0,1,0,0,1,0,0,0,1,0,0,0,1
514,1,1,54.0,1,0,2,59.4,29.7,0,0,0,0,1,0,0,0,0,1,0,0,0,0,0
515,0,3,24.0,0,0,1,7.4958,7.4958,0,0,0,1,0,0,1,0,0,0,0,1,0,0,1
516,0,1,47.0,0,0,1,34.0208,34.0208,0,0,0,1,0,0,1,0,0,1,0,0,0,0,1
517,1,2,34.0,0,0,1,10.5,10.5,0,0,0,0,1,0,0,0,0,0,0,1,0,0,1
518,0,3,29.184491978609614,0,0,1,24.15,24.15,0,0,0,1,0,0,1,0,0,0,0,0,1,1,0
519,1,2,36.0,1,0,2,26.0,13.0,0,0,0,0,1,0,0,0,0,1,0,0,0,0,1
520,0,3,32.0,0,0,1,7.8958,7.8958,0,0,0,1,0,0,1,0,0,0,1,0,0,0,1
521,1,1,30.0,0,0,1,93.5,93.5,0,0,1,0,0,0,0,1,0,0,0,0,0,0,1
522,0,3,22.0,0,0,1,7.8958,7.8958,0,0,0,1,0,0,1,0,0,0,1,0,0,0,1
523,0,3,29.18449197860961,0,0,1,7.225,7.225,0,0,0,1,0,0,1,0,0,0,0,1,0,0,0
524,1,1,44.0,0,1,2,57.9792,28.9896,0,0,0,0,1,0,0,1,0,0,0,0,0,0,0
525,0,3,29.184491978609614,0,0,1,7.2292,7.2292,0,0,0,1,0,0,1,0,0,0,0,1,0,0,0
526,0,3,40.5,0,0,1,7.75,7.75,0,0,0,1,0,0,1,0,0,0,0,1,0,1,0
527,1,2,50.0,0,0,1,10.5,10.5,0,0,1,0,0,0,0,0,0,0,1,0,0,0,1
528,0,1,44.601851851851855,0,0,1,221.7792,221.7792,0,0,0,1,0,0,1,0,1,0,0,0,0,0,1
529,0,3,39.0,0,0,1,7.925,7.925,0,0,0,1,0,0,1,0,0,0,1,0,0,0,1
530,0,2,23.0,2,1,4,11.5,2.875,0,0,0,1,0,0,1,0,0,0,1,0,0,0,1
531,1,2,2.0,1,1,3,26.0,8.6667,0,0,1,0,0,0,0,0,0,1,0,0,0,0,1
532,0,3,29.184491978609614,0,0,1,7.2292,7.2292,0,0,0,1,0,0,1,0,0,0,0,1,0,0,0
533,0,3,17.0,1,1,3,7.2292,2.4097,0,0,0,1,0,0,1,0,0,0,0,1,0,0,0
534,1,3,19.42857142857143,0,2,3,22.3583,7.4528,0,0,0,0,1,0,0,0,0,0,0,0,1,0,0
535,0,3,30.0,0,0,1,8.6625,8.6625,0,0,1,0,0,0,0,0,0,0,0,0,1,0,1
536,1,2,7.0,0,2,3,26.25,8.75,0,0,1,0,0,0,0,0,0,0,0,1,0,0,1
537,0,1,45.0,0,0,1,26.55,26.55,0,0,0,0,0,0,1,1,0,0,0,0,0,0,1
538,1,1,30.0,0,0,1,106.425,106.425,0,0,1,0,0,0,0,1,0,0,0,0,0,0,0
539,0,3,29.184491978609618,0,0,1,14.5,14.5,0,0,0,1,0,0,1,0,0,0,0,0,1,0,1
540,1,1,22.0,0,2,3,49.5,16.5,0,0,1,0,0,0,0,1,0,0,0,0,0,0,0
541,1,1,36.0,0,2,3,71.0,23.6667,0,0,1,0,0,0,0,1,0,0,0,0,0,0,1
542,0,3,9.0,4,2,7,31.275,4.4679,0,0,1,0,0,0,0,0,0,0,0,0,1,0,1
543,0,3,11.0,4,2,7,31.275,4.4679,0,0,1,0,0,0,0,0,0,0,0,0,1,0,1
544,1,2,32.0,1,0,2,26.0,13.0,0,0,0,1,0,0,1,0,0,1,0,0,0,0,1
545,0,1,50.0,1,0,2,106.425,53.2125,0,0,0,1,0,0,1,0,1,0,0,0,0,0,0
546,0,1,64.0,0,0,1,26.0,26.0,0,0,0,1,0,0,1,0,0,0,1,0,0,0,1
547,1,2,19.0,1,0,2,26.0,13.0,0,0,0,0,1,0,0,0,0,1,0,0,0,0,1
548,1,2,33.904761904761905,0,0,1,13.8625,13.8625,0,0,0,1,0,0,1,0,0,0,1,0,0,0,0
549,0,3,33.0,1,1,3,20.525,6.8417,0,0,0,1,0,0,1,0,0,0,0,0,1,0,1
550,1,2,8.0,1,1,3,36.75,12.25,0,1,0,0,0,0,1,0,0,0,0,1,0,0,1
551,1,1,17.0,0,2,3,110.8833,36.9611,0,0,0,1,0,0,1,0,1,0,0,0,0,0,0
552,0,2,27.0,0,0,1,26.0,26.0,0,0,0,1,0,0,1,0,0,1,0,0,0,0,1
553,0,3,29.184491978609618,0,0,1,7.8292,7.8292,0,0,0,1,0,0,1,0,0,0,1,0,0,1,0
554,1,3,22.0,0,0,1,7.225,7.225,0,0,0,1,0,0,1,0,0,0,0,1,0,0,0
555,1,3,22.0,0,0,1,7.775,7.775,0,0,1,0,0,0,0,0,0,0,1,0,0,0,1
556,0,1,62.0,0,0,1,26.55,26.55,0,0,0,1,0,0,1,0,0,0,1,0,0,0,1
557,1,1,48.0,1,0,2,39.6,19.8,0,0,0,0,0,0,0,0,0,0,0,0,0,0,0
558,0,1,44.601851851851855,0,0,1,227.525,227.525,0,0,0,1,0,0,1,1,0,0,0,0,0,0,0
559,1,1,39.0,1,1,3,79.65,26.55,0,0,0,0,1,0,0,0,0,0,1,0,0,0,1
560,1,3,36.0,1,0,2,17.4,8.7,0,0,0,0,1,0,0,0,0,0,0,0,1,0,1
561,0,3,29.184491978609618,0,0,1,7.75,7.75,0,0,0,1,0,0,1,0,0,0,0,1,0,1,0
562,0,3,40.0,0,0,1,7.8958,7.8958,0,0,0,1,0,0,1,0,0,0,1,0,0,0,1
563,0,2,28.0,0,0,1,13.5,13.5,0,0,0,1,0,0,1,0,0,0,1,0,0,0,1
564,0,3,29.18449197860962,0,0,1,8.05,8.05,0,0,0,1,0,0,1,0,0,0,1,0,0,0,1
565,0,3,23.565789473684205,0,0,1,8.05,8.05,0,0,1,0,0,0,0,0,0,0,1,0,0,0,1
566,0,3,24.0,2,0,3,24.15,8.05,0,0,0,1,0,0,1,0,0,0,0,0,1,0,1
567,0,3,19.0,0,0,1,7.8958,7.8958,0,0,0,1,0,0,1,0,0,0,1,0,0,0,1
568,0,3,29.0,0,4,5,21.075,4.215,0,0,0,0,1,0,0,0,0,0,0,0,1,0,1
569,0,3,29.18449197860962,0,0,1,7.2292,7.2292,0,0,0,1,0,0,1,0,0,0,0,1,0,0,0
570,1,3,32.0,0,0,1,7.8542,7.8542,0,0,0,1,0,0,1,0,0,0,1,0,0,0,1
571,1,2,62.0,0,0,1,10.5,10.5,0,0,0,1,0,0,1,0,0,0,1,0,0,0,1
572,1,1,53.0,2,0,3,51.4792,17.1597,0,0,0,0,1,0,0,0,1,0,0,0,0,0,1
573,1,1,36.0,0,0,1,26.3875,26.3875,0,0,0,1,0,0,1,0,0,0,1,0,0,0,1
574,1,3,23.565789473684205,0,0,1,7.75,7.75,0,0,1,0,0,0,0,0,0,0,0,1,0,1,0
575,0,3,16.0,0,0,1,8.05,8.05,0,0,0,1,0,0,1,0,0,0,1,0,0,0,1
576,0,3,19.0,0,0,1,14.5,14.5,0,0,0,1,0,0,1,0,0,0,0,0,1,0,1
577,1,2,34.0,0,0,1,13.0,13.0,0,0,1,0,0,0,0,0,0,0,1,0,0,0,1
578,1,1,39.0,1,0,2,55.9,27.95,0,0,0,0,1,0,0,0,0,0,1,0,0,0,1
579,0,3,25.035714285714285,1,0,2,14.4583,7.2292,0,0,0,0,1,0,0,0,0,0,0,0,1,0,0
580,1,3,32.0,0,0,1,7.925,7.925,0,0,0,1,0,0,1,0,0,0,1,0,0,0,1
581,1,2,25.0,1,1,3,30.0,10.0,0,0,1,0,0,0,0,0,0,0,0,1,0,0,1
582,1,1,39.0,1,1,3,110.8833,36.9611,0,0,0,0,1,0,0,0,1,0,0,0,0,0,0
583,0,2,54.0,0,0,1,26.0,26.0,0,0,0,1,0,0,1,0,0,1,0,0,0,0,1
584,0,1,36.0,0,0,1,40.125,40.125,0,0,0,1,0,0,1,0,0,0,0,0,0,0,0
585,0,3,29.18449197860962,0,0,1,8.7125,8.7125,0,0,0,1,0,0,1,0,0,0,0,0,1,0,0
586,1,1,18.0,0,2,3,79.65,26.55,0,0,1,0,0,0,0,0,0,0,1,0,0,0,1
587,0,2,47.0,0,0,1,15.0,15.0,0,0,0,1,0,0,1,0,0,0,1,0,0,0,1
588,1,1,60.0,1,1,3,79.2,26.4,0,0,0,1,0,0,1,1,0,0,0,0,0,0,0
589,0,3,22.0,0,0,1,8.05,8.05,0,0,0,1,0,0,1,0,0,0,1,0,0,0,1
590,0,3,29.184491978609625,0,0,1,8.05,8.05,0,0,0,1,0,0,1,0,0,0,1,0,0,0,1
591,0,3,35.0,0,0,1,7.125,7.125,0,0,0,1,0,0,1,0,0,0,0,1,0,0,1
592,1,1,52.0,1,0,2,78.2667,39.1334,0,0,0,0,1,0,0,0,0,1,0,0,0,0,0
593,0,3,47.0,0,0,1,7.25,7.25,0,0,0,1,0,0,1,0,0,0,0,1,0,0,1
594,0,3,19.42857142857143,0,2,3,7.75,2.5833,0,0,1,0,0,0,0,0,0,0,0,1,0,1,0
595,0,2,37.0,1,0,2,26.0,13.0,0,0,0,1,0,0,1,0,0,1,0,0,0,0,1
596,0,3,36.0,1,1,3,24.15,8.05,0,0,0,1,0,0,1,0,0,0,0,0,1,0,1
597,1,2,33.38333333333333,0,0,1,33.0,33.0,0,0,1,0,0,0,0,0,0,0,0,1,0,0,1
598,0,3,49.0,0,0,1,0.0,0.0,0,0,0,1,0,0,1,0,0,0,0,1,0,0,1
599,0,3,29.184491978609625,0,0,1,7.225,7.225,0,0,0,1,0,0,1,0,0,0,0,1,0,0,0
600,1,1,49.0,1,0,2,56.9292,28.4646,0,0,0,0,0,0,1,0,0,0,0,0,0,0,0
601,1,2,24.0,2,1,4,27.0,6.75,0,0,0,0,1,0,0,0,0,0,0,1,0,0,1
602,0,3,29.184491978609625,0,0,1,7.8958,7.8958,0,0,0,1,0,0,1,0,0,0,1,0,0,0,1
603,0,1,44.601851851851855,0,0,1,42.4,42.4,0,0,0,1,0,0,1,0,0,1,0,0,0,0,1
604,0,3,44.0,0,0,1,8.05,8.05,0,0,0,1,0,0,1,0,0,0,1,0,0,0,1
605,1,1,35.0,0,0,1,26.55,26.55,0,0,0,1,0,0,1,0,0,0,1,0,0,0,0
606,0,3,36.0,1,0,2,15.55,7.775,0,0,0,1,0,0,1,0,0,0,0,0,1,0,1
607,0,3,30.0,0,0,1,7.8958,7.8958,0,0,0,1,0,0,1,0,0,0,1,0,0,0,1
608,1,1,27.0,0,0,1,30.5,30.5,0,0,0,1,0,0,1,0,0,0,1,0,0,0,1
609,1,2,22.0,1,2,4,41.5792,10.3948,0,0,0,0,1,0,0,0,0,0,0,1,0,0,0
610,1,1,40.0,0,0,1,153.4625,153.4625,0,0,1,0,0,0,0,0,1,0,0,0,0,0,1
611,0,3,39.0,1,5,7,31.275,4.4679,0,0,0,0,1,0,0,0,0,0,0,0,1,0,1
612,0,3,29.18449197860963,0,0,1,7.05,7.05,0,0,0,1,0,0,1,0,0,0,0,1,0,0,1
613,1,3,25.035714285714285,1,0,2,15.5,7.75,0,0,1,0,0,0,0,0,0,0,0,0,1,1,0
614,0,3,29.18449197860963,0,0,1,7.75,7.75,0,0,0,1,0,0,1,0,0,0,0,1,0,1,0
615,0,3,35.0,0,0,1,8.05,8.05,0,0,0,1,0,0,1,0,0,0,1,0,0,0,1
616,1,2,24.0,1,2,4,65.0,16.25,0,0,1,0,0,0,0,0,0,0,0,1,0,0,1
617,0,3,34.0,1,1,3,14.4,4.8,0,0,0,1,0,0,1,0,0,0,0,0,1,0,1
618,0,3,26.0,1,0,2,16.1,8.05,0,0,0,0,1,0,0,0,0,0,0,0,1,0,1
619,1,2,4.0,2,1,4,39.0,9.75,0,0,1,0,0,0,0,0,0,0,0,1,0,0,1
620,0,2,26.0,0,0,1,10.5,10.5,0,0,0,1,0,0,1,0,0,0,1,0,0,0,1
621,0,3,27.0,1,0,2,14.4542,7.2271,0,0,0,1,0,0,1,0,0,0,0,0,1,0,0
622,1,1,42.0,1,0,2,52.5542,26.2771,0,0,0,1,0,0,1,0,0,1,0,0,0,0,1
623,1,3,20.0,1,1,3,15.7417,5.2472,0,0,0,1,0,0,1,0,0,0,0,0,1,0,0
624,0,3,21.0,0,0,1,7.8542,7.8542,0,0,0,1,0,0,1,0,0,0,1,0,0,0,1
625,0,3,21.0,0,0,1,16.1,16.1,0,0,0,1,0,0,1,0,0,0,0,0,1,0,1
626,0,1,61.0,0,0,1,32.3208,32.3208,0,0,0,1,0,0,1,0,0,1,0,0,0,0,1
627,0,2,57.0,0,0,1,12.35,12.35,0,0,0,0,0,1,1,0,0,0,1,0,0,1,0
628,1,1,21.0,0,0,1,77.9583,77.9583,0,0,1,0,0,0,0,0,0,1,0,0,0,0,1
629,0,3,26.0,0,0,1,7.8958,7.8958,0,0,0,1,0,0,1,0,0,0,1,0,0,0,1
630,0,3,29.18449197860963,0,0,1,7.7333,7.7333,0,0,0,1,0,0,1,0,0,0,0,1,0,1,0
631,1,1,80.0,0,0,1,30.0,30.0,0,0,0,1,0,0,1,0,0,0,0,0,0,0,1
632,0,3,51.0,0,0,1,7.0542,7.0542,0,0,0,1,0,0,1,0,0,0,0,1,0,0,1
633,1,1,32.0,0,0,1,30.5,30.5,1,0,0,0,0,0,1,1,0,0,0,0,0,0,0
634,0,1,44.601851851851855,0,0,1,0.0,0.0,0,0,0,1,0,0,1,0,0,0,1,0,0,0,1
635,0,3,9.0,3,2,6,27.9,4.65,0,0,1,0,0,0,0,0,0,0,0,0,1,0,1
636,1,2,28.0,0,0,1,13.0,13.0,0,0,1,0,0,0,0,0,0,0,1,0,0,0,1
637,0,3,32.0,0,0,1,7.925,7.925,0,0,0,1,0,0,1,0,0,0,1,0,0,0,1
638,0,2,31.0,1,1,3,26.25,8.75,0,0,0,1,0,0,1,0,0,0,0,1,0,0,1
639,0,3,41.0,0,5,6,39.6875,6.6146,0,0,0,0,1,0,0,0,0,0,0,0,1,0,1
640,0,3,24.823529411764707,1,0,2,16.1,8.05,0,0,0,1,0,0,1,0,0,0,0,0,1,0,1
641,0,3,20.0,0,0,1,7.8542,7.8542,0,0,0,1,0,0,1,0,0,0,1,0,0,0,1
642,1,1,24.0,0,0,1,69.3,69.3,0,0,0,0,0,0,0,1,0,0,0,0,0,0,0
643,0,3,2.0,3,2,6,27.9,4.65,0,0,1,0,0,0,0,0,0,0,0,0,1,0,1
644,1,3,29.184491978609632,0,0,1,56.4958,56.4958,0,0,0,1,0,0,1,0,0,0,0,0,1,0,1
645,1,3,0.75,2,1,4,19.2583,4.8146,0,0,1,0,0,0,0,0,0,0,0,0,1,0,0
646,1,1,48.0,1,0,2,76.7292,38.3646,0,0,0,1,0,0,1,0,0,1,0,0,0,0,0
647,0,3,19.0,0,0,1,7.8958,7.8958,0,0,0,1,0,0,1,0,0,0,1,0,0,0,1
648,1,1,56.0,0,0,1,35.5,35.5,0,0,0,0,0,0,1,0,0,0,0,0,0,0,0
649,0,3,29.184491978609632,0,0,1,7.55,7.55,0,0,0,1,0,0,1,0,0,0,0,1,0,0,1
650,1,3,23.0,0,0,1,7.55,7.55,0,0,1,0,0,0,0,0,0,0,0,1,0,0,1
651,0,3,29.184491978609632,0,0,1,7.8958,7.8958,0,0,0,1,0,0,1,0,0,0,1,0,0,0,1
652,1,2,18.0,0,1,2,23.0,11.5,0,0,1,0,0,0,0,0,0,1,0,0,0,0,1
653,0,3,21.0,0,0,1,8.4333,8.4333,0,0,0,1,0,0,1,0,0,0,0,0,1,0,1
654,1,3,23.5657894736842,0,0,1,7.8292,7.8292,0,0,1,0,0,0,0,0,0,0,1,0,0,1,0
655,0,3,18.0,0,0,1,6.75,6.75,0,0,1,0,0,0,0,0,0,0,0,1,0,1,0
656,0,2,24.0,2,0,3,73.5,24.5,0,0,0,1,0,0,1,0,0,0,0,1,0,0,1
657,0,3,29.184491978609636,0,0,1,7.8958,7.8958,0,0,0,1,0,0,1,0,0,0,1,0,0,0,1
658,0,3,32.0,1,1,3,15.5,5.1667,0,0,0,0,1,0,0,0,0,0,0,0,1,1,0
659,0,2,23.0,0,0,1,13.0,13.0,0,0,0,1,0,0,1,0,0,0,1,0,0,0,1
660,0,1,58.0,0,2,3,113.275,37.7583,0,0,0,1,0,0,1,0,0,1,0,0,0,0,0
661,1,1,50.0,2,0,3,133.65,44.55,1,0,0,0,0,0,1,1,0,0,0,0,0,0,1
662,0,3,40.0,0,0,1,7.225,7.225,0,0,0,1,0,0,1,0,0,0,0,1,0,0,0
663,0,1,47.0,0,0,1,25.5875,25.5875,0,0,0,1,0,0,1,0,0,0,1,0,0,0,1
664,0,3,36.0,0,0,1,7.4958,7.4958,0,0,0,1,0,0,1,0,0,0,0,1,0,0,1
665,1,3,20.0,1,0,2,7.925,3.9625,0,0,0,1,0,0,1,0,0,0,1,0,0,0,1
666,0,2,32.0,2,0,3,73.5,24.5,0,0,0,1,0,0,1,0,0,0,0,1,0,0,1
667,0,2,25.0,0,0,1,13.0,13.0,0,0,0,1,0,0,1,0,0,0,1,0,0,0,1
668,0,3,29.184491978609636,0,0,1,7.775,7.775,0,0,0,1,0,0,1,0,0,0,1,0,0,0,1
669,0,3,43.0,0,0,1,8.05,8.05,0,0,0,1,0,0,1,0,0,0,1,0,0,0,1
670,1,1,37.43478260869565,1,0,2,52.0,26.0,0,0,0,0,1,0,0,0,1,0,0,0,0,0,1
671,1,2,40.0,1,1,3,39.0,13.0,0,0,0,0,1,0,0,0,0,0,0,1,0,0,1
672,0,1,31.0,1,0,2,52.0,26.0,0,0,0,1,0,0,1,1,0,0,0,0,0,0,1
673,0,2,70.0,0,0,1,10.5,10.5,0,0,0,1,0,0,1,0,0,0,1,0,0,0,1
674,1,2,31.0,0,0,1,13.0,13.0,0,0,0,1,0,0,1,0,0,0,1,0,0,0,1
675,0,2,33.904761904761905,0,0,1,0.0,0.0,0,0,0,1,0,0,1,0,0,0,1,0,0,0,1
676,0,3,18.0,0,0,1,7.775,7.775,0,0,0,1,0,0,1,0,0,0,1,0,0,0,1
677,0,3,24.5,0,0,1,8.05,8.05,0,0,0,1,0,0,1,0,0,0,1,0,0,0,1
678,1,3,18.0,0,0,1,9.8417,9.8417,0,0,1,0,0,0,0,0,0,0,0,0,1,0,1
679,0,3,43.0,1,6,8,46.9,5.8625,0,0,0,0,1,0,0,0,0,0,0,0,1,0,1
680,1,1,36.0,0,1,2,512.3292,256.1646,0,0,0,1,0,0,1,1,0,0,0,0,0,0,0
681,0,3,23.5657894736842,0,0,1,8.1375,8.1375,0,0,1,0,0,0,0,0,0,0,0,0,1,1,0
682,1,1,27.0,0,0,1,76.7292,76.7292,0,0,0,1,0,0,1,0,0,1,0,0,0,0,0
683,0,3,20.0,0,0,1,9.225,9.225,0,0,0,1,0,0,1,0,0,0,0,0,1,0,1
684,0,3,14.0,5,2,8,46.9,5.8625,0,0,0,1,0,0,1,0,0,0,0,0,1,0,1
685,0,2,60.0,1,1,3,39.0,13.0,0,0,0,1,0,0,1,0,0,0,0,1,0,0,1
686,0,2,25.0,1,2,4,41.5792,10.3948,0,0,0,1,0,0,1,0,0,0,0,1,0,0,0
687,0,3,14.0,4,1,6,39.6875,6.6146,0,0,0,1,0,0,1,0,0,0,0,0,1,0,1
688,0,3,19.0,0,0,1,10.1708,10.1708,0,0,0,1,0,0,1,0,0,0,0,0,1,0,1
689,0,3,18.0,0,0,1,7.7958,7.7958,0,0,0,1,0,0,1,0,0,0,1,0,0,0,1
690,1,1,15.0,0,1,2,211.3375,105.6688,0,0,1,0,0,0,0,1,0,0,0,0,0,0,1
691,1,1,31.0,1,0,2,57.0,28.5,0,0,0,1,0,0,1,1,0,0,0,0,0,0,1
692,1,3,4.0,0,1,2,13.4167,6.7084,0,0,1,0,0,0,0,0,0,0,0,0,1,0,0
693,1,3,29.184491978609636,0,0,1,56.4958,56.4958,0,0,0,1,0,0,1,0,0,0,0,0,1,0,1
694,0,3,25.0,0,0,1,7.225,7.225,0,0,0,1,0,0,1,0,0,0,0,1,0,0,0
695,0,1,60.0,0,0,1,26.55,26.55,0,0,0,0,0,0,1,0,0,0,1,0,0,0,1
696,0,2,52.0,0,0,1,13.5,13.5,0,0,0,1,0,0,1,0,0,0,1,0,0,0,1
697,0,3,44.0,0,0,1,8.05,8.05,0,0,0,1,0,0,1,0,0,0,1,0,0,0,1
698,1,3,23.5657894736842,0,0,1,7.7333,7.7333,0,0,1,0,0,0,0,0,0,0,0,1,0,1,0
699,0,1,49.0,1,1,3,110.8833,36.9611,0,0,0,1,0,0,1,0,1,0,0,0,0,0,0
700,0,3,42.0,0,0,1,7.65,7.65,0,0,0,1,0,0,1,0,0,0,0,1,0,0,1
701,1,1,18.0,1,0,2,227.525,113.7625,0,0,0,0,1,0,0,0,1,0,0,0,0,0,0
702,1,1,35.0,0,0,1,26.2875,26.2875,0,0,0,1,0,0,1,0,0,0,1,0,0,0,1
703,0,3,18.0,0,1,2,14.4542,7.2271,0,0,1,0,0,0,0,0,0,0,0,0,1,0,0
704,0,3,25.0,0,0,1,7.7417,7.7417,0,0,0,1,0,0,1,0,0,0,0,1,0,1,0
705,0,3,26.0,1,0,2,7.8542,3.9271,0,0,0,1,0,0,1,0,0,0,1,0,0,0,1
706,0,2,39.0,0,0,1,26.0,26.0,0,0,0,1,0,0,1,0,0,1,0,0,0,0,1
707,1,2,45.0,0,0,1,13.5,13.5,0,0,0,0,1,0,0,0,0,0,1,0,0,0,1
708,1,1,42.0,0,0,1,26.2875,26.2875,0,0,0,1,0,0,1,0,0,0,1,0,0,0,1
709,1,1,22.0,0,0,1,151.55,151.55,0,0,1,0,0,0,0,1,0,0,0,0,0,0,1
710,1,3,20.23076923076923,1,1,3,15.2458,5.0819,0,1,0,0,0,0,1,0,0,0,0,0,1,0,0
711,1,1,24.0,0,0,1,49.5042,49.5042,0,0,0,0,0,0,0,0,1,0,0,0,0,0,0
712,0,1,44.601851851851855,0,0,1,26.55,26.55,0,0,0,1,0,0,1,0,1,0,0,0,0,0,1
713,1,1,48.0,1,0,2,52.0,26.0,0,0,0,1,0,0,1,0,1,0,0,0,0,0,1
714,0,3,29.0,0,0,1,9.4833,9.4833,0,0,0,1,0,0,1,0,0,0,0,0,1,0,1
715,0,2,52.0,0,0,1,13.0,13.0,0,0,0,1,0,0,1,0,0,0,1,0,0,0,1
716,0,3,19.0,0,0,1,7.65,7.65,0,0,0,1,0,0,1,0,0,0,0,1,0,0,1
717,1,1,38.0,0,0,1,227.525,227.525,0,0,1,0,0,0,0,0,1,0,0,0,0,0,0
718,1,2,27.0,0,0,1,10.5,10.5,0,0,1,0,0,0,0,0,0,0,1,0,0,0,1
719,0,3,29.18449197860964,0,0,1,15.5,15.5,0,0,0,1,0,0,1,0,0,0,0,0,1,1,0
720,0,3,33.0,0,0,1,7.775,7.775,0,0,0,1,0,0,1,0,0,0,1,0,0,0,1
721,1,2,6.0,0,1,2,33.0,16.5,0,0,1,0,0,0,0,0,0,0,0,1,0,0,1
722,0,3,17.0,1,0,2,7.0542,3.5271,0,0,0,1,0,0,1,0,0,0,0,1,0,0,1
723,0,2,34.0,0,0,1,13.0,13.0,0,0,0,1,0,0,1,0,0,0,1,0,0,0,1
724,0,2,50.0,0,0,1,13.0,13.0,0,0,0,1,0,0,1,0,0,0,1,0,0,0,1
725,1,1,27.0,1,0,2,53.1,26.55,0,0,0,1,0,0,1,0,0,0,1,0,0,0,1
726,0,3,20.0,0,0,1,8.6625,8.6625,0,0,0,1,0,0,1,0,0,0,0,0,1,0,1
727,1,2,30.0,3,0,4,21.0,5.25,0,0,0,0,1,0,0,0,0,1,0,0,0,0,1
728,1,3,23.5657894736842,0,0,1,7.7375,7.7375,0,0,1,0,0,0,0,0,0,0,0,1,0,1,0
729,0,2,25.0,1,0,2,26.0,13.0,0,0,0,1,0,0,1,0,0,1,0,0,0,0,1
730,0,3,25.0,1,0,2,7.925,3.9625,0,0,1,0,0,0,0,0,0,0,1,0,0,0,1
731,1,1,29.0,0,0,1,211.3375,211.3375,0,0,1,0,0,0,0,1,0,0,0,0,0,0,1
732,0,3,11.0,0,0,1,18.7875,18.7875,0,0,0,1,0,0,1,0,0,0,0,0,1,0,0
733,0,2,33.904761904761905,0,0,1,0.0,0.0,0,0,0,1,0,0,1,0,0,0,1,0,0,0,1
734,0,2,23.0,0,0,1,13.0,13.0,0,0,0,1,0,0,1,0,0,0,1,0,0,0,1
735,0,2,23.0,0,0,1,13.0,13.0,0,0,0,1,0,0,1,0,0,0,1,0,0,0,1
736,0,3,28.5,0,0,1,16.1,16.1,0,0,0,1,0,0,1,0,0,0,0,0,1,0,1
737,0,3,48.0,1,3,5,34.375,6.875,0,0,0,0,1,0,0,0,0,0,0,0,1,0,1
738,1,1,35.0,0,0,1,512.3292,512.3292,0,0,0,1,0,0,1,1,0,0,0,0,0,0,0
739,0,3,29.18449197860964,0,0,1,7.8958,7.8958,0,0,0,1,0,0,1,0,0,0,1,0,0,0,1
740,0,3,29.18449197860964,0,0,1,7.8958,7.8958,0,0,0,1,0,0,1,0,0,0,1,0,0,0,1
741,1,1,44.60185185185185,0,0,1,30.0,30.0,0,0,0,1,0,0,1,0,0,1,0,0,0,0,1
742,0,1,36.0,1,0,2,78.85,39.425,0,0,0,1,0,0,1,0,1,0,0,0,0,0,1
743,1,1,21.0,2,2,5,262.375,52.475,0,0,1,0,0,0,0,1,0,0,0,0,0,0,0
744,0,3,24.0,1,0,2,16.1,8.05,0,0,0,1,0,0,1,0,0,0,0,0,1,0,1
745,1,3,31.0,0,0,1,7.925,7.925,0,0,0,1,0,0,1,0,0,0,1,0,0,0,1
746,0,1,70.0,1,1,3,71.0,23.6667,0,0,0,0,0,0,1,1,0,0,0,0,0,0,1
747,0,3,16.0,1,1,3,20.25,6.75,0,0,0,1,0,0,1,0,0,0,0,0,1,0,1
748,1,2,30.0,0,0,1,13.0,13.0,0,0,1,0,0,0,0,0,0,0,1,0,0,0,1
749,0,1,19.0,1,0,2,53.1,26.55,0,0,0,1,0,0,1,0,0,1,0,0,0,0,1
750,0,3,31.0,0,0,1,7.75,7.75,0,0,0,1,0,0,1,0,0,0,0,1,0,1,0
751,1,2,4.0,1,1,3,23.0,7.6667,0,0,1,0,0,0,0,0,0,1,0,0,0,0,1
752,1,3,6.0,0,1,2,12.475,6.2375,0,1,0,0,0,0,1,0,0,0,1,0,0,0,1
753,0,3,33.0,0,0,1,9.5,9.5,0,0,0,1,0,0,1,0,0,0,0,0,1,0,1
754,0,3,23.0,0,0,1,7.8958,7.8958,0,0,0,1,0,0,1,0,0,0,1,0,0,0,1
755,1,2,48.0,1,2,4,65.0,16.25,0,0,0,0,1,0,0,0,0,0,0,1,0,0,1
756,1,2,0.67,1,1,3,14.5,4.8333,0,1,0,0,0,0,1,0,0,0,1,0,0,0,1
757,0,3,28.0,0,0,1,7.7958,7.7958,0,0,0,1,0,0,1,0,0,0,1,0,0,0,1
758,0,2,18.0,0,0,1,11.5,11.5,0,0,0,1,0,0,1,0,0,0,1,0,0,0,1
759,0,3,34.0,0,0,1,8.05,8.05,0,0,0,1,0,0,1,0,0,0,1,0,0,0,1
760,1,1,33.0,0,0,1,86.5,86.5,0,0,0,0,0,0,0,1,0,0,0,0,0,0,1
761,0,3,29.184491978609643,0,0,1,14.5,14.5,0,0,0,1,0,0,1,0,0,0,0,0,1,0,1
762,0,3,41.0,0,0,1,7.125,7.125,0,0,0,1,0,0,1,0,0,0,0,1,0,0,1
763,1,3,20.0,0,0,1,7.2292,7.2292,0,0,0,1,0,0,1,0,0,0,0,1,0,0,0
764,1,1,36.0,1,2,4,120.0,30.0,0,0,0,0,1,0,0,1,0,0,0,0,0,0,1
765,0,3,16.0,0,0,1,7.775,7.775,0,0,0,1,0,0,1,0,0,0,1,0,0,0,1
766,1,1,51.0,1,0,2,77.9583,38.9791,0,0,0,0,1,0,0,0,0,1,0,0,0,0,1
767,0,1,44.60185185185185,0,0,1,39.6,39.6,1,0,0,0,0,0,1,0,0,1,0,0,0,0,0
768,0,3,30.5,0,0,1,7.75,7.75,0,0,1,0,0,0,0,0,0,0,0,1,0,1,0
769,0,3,24.823529411764707,1,0,2,24.15,12.075,0,0,0,1,0,0,1,0,0,0,0,0,1,1,0
770,0,3,32.0,0,0,1,8.3625,8.3625,0,0,0,1,0,0,1,0,0,0,0,0,1,0,1
771,0,3,24.0,0,0,1,9.5,9.5,0,0,0,1,0,0,1,0,0,0,0,0,1,0,1
772,0,3,48.0,0,0,1,7.8542,7.8542,0,0,0,1,0,0,1,0,0,0,1,0,0,0,1
773,0,2,57.0,0,0,1,10.5,10.5,0,0,0,0,1,0,0,0,0,0,1,0,0,0,1
774,0,3,29.184491978609643,0,0,1,7.225,7.225,0,0,0,1,0,0,1,0,0,0,0,1,0,0,0
775,1,2,54.0,1,3,5,23.0,4.6,0,0,0,0,1,0,0,0,0,1,0,0,0,0,1
776,0,3,18.0,0,0,1,7.75,7.75,0,0,0,1,0,0,1,0,0,0,0,1,0,0,1
777,0,3,29.184491978609643,0,0,1,7.75,7.75,0,0,0,1,0,0,1,0,0,0,0,1,0,1,0
778,1,3,5.0,0,0,1,12.475,12.475,0,0,1,0,0,0,0,0,0,0,0,0,1,0,1
779,0,3,29.184491978609643,0,0,1,7.7375,7.7375,0,0,0,1,0,0,1,0,0,0,0,1,0,1,0
780,1,1,43.0,0,1,2,211.3375,105.6688,0,0,0,0,1,0,0,1,0,0,0,0,0,0,1
781,1,3,13.0,0,0,1,7.2292,7.2292,0,0,1,0,0,0,0,0,0,0,0,1,0,0,0
782,1,1,17.0,1,0,2,57.0,28.5,0,0,0,0,1,0,0,1,0,0,0,0,0,0,1
783,0,1,29.0,0,0,1,30.0,30.0,0,0,0,1,0,0,1,0,0,1,0,0,0,0,1
784,0,3,13.5,1,2,4,23.45,5.8625,0,0,0,1,0,0,1,0,0,0,0,0,1,0,1
785,0,3,25.0,0,0,1,7.05,7.05,0,0,0,1,0,0,1,0,0,0,0,1,0,0,1
786,0,3,25.0,0,0,1,7.25,7.25,0,0,0,1,0,0,1,0,0,0,0,1,0,0,1
787,1,3,18.0,0,0,1,7.4958,7.4958,0,0,1,0,0,0,0,0,0,0,0,1,0,0,1
788,0,3,8.0,4,1,6,29.125,4.8542,0,1,0,0,0,0,1,0,0,0,0,0,1,1,0
789,1,3,1.0,1,2,4,20.575,5.1438,0,1,0,0,0,0,1,0,0,0,0,0,1,0,1
790,0,1,46.0,0,0,1,79.2,79.2,0,0,0,1,0,0,1,1,0,0,0,0,0,0,0
791,0,3,29.184491978609646,0,0,1,7.75,7.75,0,0,0,1,0,0,1,0,0,0,0,1,0,1,0
792,0,2,16.0,0,0,1,26.0,26.0,0,0,0,1,0,0,1,0,0,1,0,0,0,0,1
793,0,3,8.0,8,2,11,69.55,6.3227,0,0,1,0,0,0,0,0,0,0,0,0,1,0,1
794,0,1,44.60185185185185,0,0,1,30.6958,30.6958,0,0,0,1,0,0,1,0,0,0,1,0,0,0,0
795,0,3,25.0,0,0,1,7.8958,7.8958,0,0,0,1,0,0,1,0,0,0,1,0,0,0,1
796,0,2,39.0,0,0,1,13.0,13.0,0,0,0,1,0,0,1,0,0,0,1,0,0,0,1
797,1,1,49.0,0,0,1,25.9292,25.9292,1,0,0,0,0,0,0,0,0,1,0,0,0,0,1
798,1,3,31.0,0,0,1,8.6833,8.6833,0,0,0,0,1,0,0,0,0,0,0,0,1,0,1
799,0,3,30.0,0,0,1,7.2292,7.2292,0,0,0,1,0,0,1,0,0,0,0,1,0,0,0
800,0,3,30.0,1,1,3,24.15,8.05,0,0,0,0,1,0,0,0,0,0,0,0,1,0,1
801,0,2,34.0,0,0,1,13.0,13.0,0,0,0,1,0,0,1,0,0,0,1,0,0,0,1
802,1,2,31.0,1,1,3,26.25,8.75,0,0,0,0,1,0,0,0,0,0,0,1,0,0,1
803,1,1,11.0,1,2,4,120.0,30.0,0,1,0,0,0,0,1,1,0,0,0,0,0,0,1
804,1,3,0.42,0,1,2,8.5167,4.2584,0,1,0,0,0,0,1,0,0,0,0,0,1,0,0
805,1,3,27.0,0,0,1,6.975,6.975,0,0,0,1,0,0,1,0,0,0,0,1,0,0,1
806,0,3,31.0,0,0,1,7.775,7.775,0,0,0,1,0,0,1,0,0,0,1,0,0,0,1
807,0,1,39.0,0,0,1,0.0,0.0,0,0,0,1,0,0,1,0,0,0,0,0,0,0,1
808,0,3,18.0,0,0,1,7.775,7.775,0,0,1,0,0,0,0,0,0,0,1,0,0,0,1
809,0,2,39.0,0,0,1,13.0,13.0,0,0,0,1,0,0,1,0,0,0,1,0,0,0,1
810,1,1,33.0,1,0,2,53.1,26.55,0,0,0,0,1,0,0,0,0,0,1,0,0,0,1
811,0,3,26.0,0,0,1,7.8875,7.8875,0,0,0,1,0,0,1,0,0,0,1,0,0,0,1
812,0,3,39.0,0,0,1,24.15,24.15,0,0,0,1,0,0,1,0,0,0,0,0,1,0,1
813,0,2,35.0,0,0,1,10.5,10.5,0,0,0,1,0,0,1,0,0,0,1,0,0,0,1
814,0,3,6.0,4,2,7,31.275,4.4679,0,0,1,0,0,0,0,0,0,0,0,0,1,0,1
815,0,3,30.5,0,0,1,8.05,8.05,0,0,0,1,0,0,1,0,0,0,1,0,0,0,1
816,0,1,44.60185185185185,0,0,1,0.0,0.0,0,0,0,1,0,0,1,1,0,0,0,0,0,0,1
817,0,3,23.0,0,0,1,7.925,7.925,0,0,1,0,0,0,0,0,0,0,1,0,0,0,1
818,0,2,31.0,1,1,3,37.0042,12.3347,0,0,0,1,0,0,1,0,0,0,0,1,0,0,0
819,0,3,43.0,0,0,1,6.45,6.45,0,0,0,1,0,0,1,0,0,0,0,1,0,0,1
820,0,3,10.0,3,2,6,27.9,4.65,0,1,0,0,0,0,1,0,0,0,0,0,1,0,1
821,1,1,52.0,1,1,3,93.5,31.1667,0,0,0,0,1,0,0,1,0,0,0,0,0,0,1
822,1,3,27.0,0,0,1,8.6625,8.6625,0,0,0,1,0,0,1,0,0,0,0,0,1,0,1
823,0,1,38.0,0,0,1,0.0,0.0,0,0,0,0,0,0,1,0,0,0,1,0,0,0,1
824,1,3,27.0,0,1,2,12.475,6.2375,0,0,0,0,1,0,0,0,0,0,1,0,0,0,1
825,0,3,2.0,4,1,6,39.6875,6.6146,0,1,0,0,0,0,1,0,0,0,0,0,1,0,1
826,0,3,29.184491978609646,0,0,1,6.95,6.95,0,0,0,1,0,0,1,0,0,0,0,1,0,1,0
827,0,3,29.184491978609646,0,0,1,56.4958,56.4958,0,0,0,1,0,0,1,0,0,0,0,0,1,0,1
828,1,2,1.0,0,2,3,37.0042,12.3347,0,1,0,0,0,0,1,0,0,0,0,1,0,0,0
829,1,3,29.18449197860965,0,0,1,7.75,7.75,0,0,0,1,0,0,1,0,0,0,0,1,0,1,0
830,1,1,62.0,0,0,1,80.0,80.0,0,0,0,0,1,0,0,1,0,0,0,0,0,0,1
831,1,3,15.0,1,0,2,14.4542,7.2271,0,0,0,0,1,0,0,0,0,0,0,0,1,0,0
832,1,2,0.83,1,1,3,18.75,6.25,0,1,0,0,0,0,1,0,0,1,0,0,0,0,1
833,0,3,29.18449197860965,0,0,1,7.2292,7.2292,0,0,0,1,0,0,1,0,0,0,0,1,0,0,0
834,0,3,23.0,0,0,1,7.8542,7.8542,0,0,0,1,0,0,1,0,0,0,1,0,0,0,1
835,0,3,18.0,0,0,1,8.3,8.3,0,0,0,1,0,0,1,0,0,0,0,0,1,0,1
836,1,1,39.0,1,1,3,83.1583,27.7194,0,0,1,0,0,0,0,0,0,0,1,0,0,0,0
837,0,3,21.0,0,0,1,8.6625,8.6625,0,0,0,1,0,0,1,0,0,0,0,0,1,0,1
838,0,3,29.18449197860965,0,0,1,8.05,8.05,0,0,0,1,0,0,1,0,0,0,1,0,0,0,1
839,1,3,32.0,0,0,1,56.4958,56.4958,0,0,0,1,0,0,1,0,0,0,0,0,1,0,1
840,1,1,44.60185185185185,0,0,1,29.7,29.7,0,0,0,1,0,0,1,0,1,0,0,0,0,0,0
841,0,3,20.0,0,0,1,7.925,7.925,0,0,0,1,0,0,1,0,0,0,1,0,0,0,1
842,0,2,16.0,0,0,1,10.5,10.5,0,0,0,1,0,0,1,0,0,0,1,0,0,0,1
843,1,1,30.0,0,0,1,31.0,31.0,0,0,1,0,0,0,0,0,0,0,1,0,0,0,0
844,0,3,34.5,0,0,1,6.4375,6.4375,0,0,0,1,0,0,1,0,0,0,0,1,0,0,0
845,0,3,17.0,0,0,1,8.6625,8.6625,0,0,0,1,0,0,1,0,0,0,0,0,1,0,1
846,0,3,42.0,0,0,1,7.55,7.55,0,0,0,1,0,0,1,0,0,0,0,1,0,0,1
847,0,3,8.0,8,2,11,69.55,6.3227,0,0,0,1,0,0,1,0,0,0,0,0,1,0,1
848,0,3,35.0,0,0,1,7.8958,7.8958,0,0,0,1,0,0,1,0,0,0,1,0,0,0,0
849,0,2,28.0,0,1,2,33.0,16.5,0,0,0,0,0,1,1,0,0,0,0,1,0,0,1
850,1,1,37.43478260869564,1,0,2,89.1042,44.5521,0,0,0,0,1,0,0,0,1,0,0,0,0,0,0
851,0,3,4.0,4,2,7,31.275,4.4679,0,1,0,0,0,0,1,0,0,0,0,0,1,0,1
852,0,3,74.0,0,0,1,7.775,7.775,0,0,0,1,0,0,1,0,0,0,1,0,0,0,1
853,0,3,9.0,1,1,3,15.2458,5.0819,0,0,1,0,0,0,0,0,0,0,0,0,1,0,0
854,1,1,16.0,0,1,2,39.4,19.7,0,0,1,0,0,0,0,0,0,1,0,0,0,0,1
855,0,2,44.0,1,0,2,26.0,13.0,0,0,0,0,1,0,0,0,0,1,0,0,0,0,1
856,1,3,18.0,0,1,2,9.35,4.675,0,0,0,0,1,0,0,0,0,0,0,0,1,0,1
857,1,1,45.0,1,1,3,164.8667,54.9556,0,0,0,0,1,0,0,1,0,0,0,0,0,0,1
858,1,1,51.0,0,0,1,26.55,26.55,0,0,0,1,0,0,1,0,0,0,1,0,0,0,1
859,1,3,24.0,0,3,4,19.2583,4.8146,0,0,0,0,1,0,0,0,0,0,0,0,1,0,0
860,0,3,29.18449197860965,0,0,1,7.2292,7.2292,0,0,0,1,0,0,1,0,0,0,0,1,0,0,0
861,0,3,41.0,2,0,3,14.1083,4.7028,0,0,0,1,0,0,1,0,0,0,0,0,1,0,1
862,0,2,21.0,1,0,2,11.5,5.75,0,0,0,1,0,0,1,0,0,0,1,0,0,0,1
863,1,1,48.0,0,0,1,25.9292,25.9292,0,0,0,0,1,0,0,0,0,1,0,0,0,0,1
864,0,3,8.0,8,2,11,69.55,6.3227,0,0,1,0,0,0,0,0,0,0,0,0,1,0,1
865,0,2,24.0,0,0,1,13.0,13.0,0,0,0,1,0,0,1,0,0,0,1,0,0,0,1
866,1,2,42.0,0,0,1,13.0,13.0,0,0,0,0,1,0,0,0,0,0,1,0,0,0,1
867,1,2,27.0,1,0,2,13.8583,6.9292,0,0,1,0,0,0,0,0,0,0,1,0,0,0,0
868,0,1,31.0,0,0,1,50.4958,50.4958,0,0,0,1,0,0,1,0,0,0,0,0,0,0,1
869,0,3,29.184491978609653,0,0,1,9.5,9.5,0,0,0,1,0,0,1,0,0,0,0,0,1,0,1
870,1,3,4.0,1,1,3,11.1333,3.7111,0,1,0,0,0,0,1,0,0,0,0,0,1,0,1
871,0,3,26.0,0,0,1,7.8958,7.8958,0,0,0,1,0,0,1,0,0,0,1,0,0,0,1
872,1,1,47.0,1,1,3,52.5542,17.5181,0,0,0,0,1,0,0,0,0,1,0,0,0,0,1
873,0,1,33.0,0,0,1,5.0,5.0,0,0,0,1,0,0,1,1,0,0,0,0,0,0,1
874,0,3,47.0,0,0,1,9.0,9.0,0,0,0,1,0,0,1,0,0,0,0,0,1,0,1
875,1,2,28.0,1,0,2,24.0,12.0,0,0,0,0,1,0,0,0,0,1,0,0,0,0,0
876,1,3,15.0,0,0,1,7.225,7.225,0,0,1,0,0,0,0,0,0,0,0,1,0,0,0
877,0,3,20.0,0,0,1,9.8458,9.8458,0,0,0,1,0,0,1,0,0,0,0,0,1,0,1
878,0,3,19.0,0,0,1,7.8958,7.8958,0,0,0,1,0,0,1,0,0,0,1,0,0,0,1
879,0,3,29.184491978609653,0,0,1,7.8958,7.8958,0,0,0,1,0,0,1,0,0,0,1,0,0,0,1
880,1,1,56.0,0,1,2,83.1583,41.5792,0,0,0,0,1,0,0,0,1,0,0,0,0,0,0
881,1,2,25.0,0,1,2,26.0,13.0,0,0,0,0,1,0,0,0,0,1,0,0,0,0,1
882,0,3,33.0,0,0,1,7.8958,7.8958,0,0,0,1,0,0,1,0,0,0,1,0,0,0,1
883,0,3,22.0,0,0,1,10.5167,10.5167,0,0,1,0,0,0,0,0,0,0,0,0,1,0,1
884,0,2,28.0,0,0,1,10.5,10.5,0,0,0,1,0,0,1,0,0,0,1,0,0,0,1
885,0,3,25.0,0,0,1,7.05,7.05,0,0,0,1,0,0,1,0,0,0,0,1,0,0,1
886,0,3,39.0,0,5,6,29.125,4.8542,0,0,0,0,1,0,0,0,0,0,0,0,1,1,0
887,0,2,27.0,0,0,1,13.0,13.0,0,0,0,0,0,1,1,0,0,0,1,0,0,0,1
888,1,1,19.0,0,0,1,30.0,30.0,0,0,1,0,0,0,0,1,0,0,0,0,0,0,1
889,0,3,13.5,1,2,4,23.45,5.8625,0,0,1,0,0,0,0,0,0,0,0,0,1,0,1
890,1,1,26.0,0,0,1,30.0,30.0,0,0,0,1,0,0,1,0,1,0,0,0,0,0,0
891,0,3,32.0,0,0,1,7.75,7.75,0,0,0,1,0,0,1,0,0,0,0,1,0,1,0
